ㄹ,지역_소분류,매장명,테마명,장르,난이도,시간,오픈(리뉴얼),비고
서울,강남,개꿀이스케이프,말장난감,,5,50분,2024.05.04,5월 내 종료예정
서울,강남,개꿀이스케이프,사랑방,,4,50분,2024.05.04,5월 내 종료예정
서울,강남,개꿀이스케이프,1세대 방탈출 박물관,,3,50분,2024.05.04,5월 내 종료예정
서울,강남,개꿀이스케이프,전지적 용사시점,,3,50분,2024.08.28,5월 내 종료예정
서울,강남,개꿀이스케이프,알록달록,,4,50분,2024.08.28,5월 내 종료예정
서울,강남,개꿀이스케이프,탈옥,,5,50분,2024.08.28,5월 내 종료예정
서울,강남,겟어웨이방탈출,악마와 싸우는 자,스릴러,3.5,65분,2024.01.10,
서울,강남,겟어웨이방탈출,기억을 잃은 자들,드라마,2.5,65분,2024.01.20,
서울,강남,겟어웨이방탈출,사라진 성물,드라마,2.5,60분,2024.03.25,
서울,강남,넥스트에디션 강남3호점,야근,서스펜스,3,60분,2019.10.26,
서울,강남,넥스트에디션 강남3호점,첫만남,드라마,4,60분,2019.10.26,
서울,강남,넥스트에디션 강남3호점,마지막 일주,신화/판타지,3,60분,2019.12.17,
서울,강남,넥스트에디션 강남3호점,크리쳐-신인류의 탄생,SF,3,65분,2020.02.10,
서울,강남,넥스트에디션 강남3호점,안녕하세요? 무엇을 도와드릴까요?,판타지,3,60분,2019.11.02,
서울,강남,넥스트에디션 강남5호점,뱅크럽,로맨스,3,60분,2020.01.23,
서울,강남,넥스트에디션 강남5호점,우리동네 김선의,힐링,3,60분,2020.01.23,
서울,강남,넥스트에디션 강남5호점,그래도 피망은 먹기 싫단 말이에욧,참교육,4,60분,2020.03.01,
서울,강남,넥스트에디션 강남5호점,SOS,조난,5,70분,2020.03.23,
서울,강남,단편선 강남점,그림자 없는 상자,,3,75분,2022.02.07,
서울,강남,단편선 강남점,사람들은 그것을 행복이라 부르기로 했다,,4,80분,2022.06.22,
서울,강남,도어이스케이프 강남가든점,출동,코믹 감성,3,70분,2022.05.31,
서울,강남,도어이스케이프 강남가든점,인서트 코인,게임 아케이드,3.5,60분,2022.08.26,
서울,강남,도어이스케이프 강남가든점,둘이라면,요리,2.5,60분,2022.09.16,
서울,강남,도어이스케이프 강남가든점,이매진,코믹,3,70분,2023.06.14,
서울,강남,도어이스케이프 신논현 레드점,럭키,코믹,4,75분,2020.07.29,
서울,강남,도어이스케이프 신논현 레드점,비,게임,5,77분,2020.09.14,
서울,강남,도어이스케이프 신논현 레드점,유전,?,과거 3 현재 7,75분,2020.11.25,
서울,강남,도어이스케이프 신논현 블루점,트루스,스릴러,4,80분,2021.01.21,
서울,강남,도어이스케이프 신논현 블루점,이방인,아케이드성 추리,일반모드 3.5 협력모드 4.5,120분,2021.05.19,
서울,강남,라스트이스케이프,비서,,3,60분,2019.08.26,
서울,강남,라스트이스케이프,오감,,초보자 4 숙련자 3.5,60분,2019.09,
서울,강남,라스트이스케이프,클럽 레벨스,,2,60분,2019.08,
서울,강남,라스트이스케이프,알카트라즈,,3,60분,2019.08.26,
서울,강남,룸즈에이 강남점,광야,역사/작전,4,70분,2020.09.30,
서울,강남,룸즈에이 강남점,왕자님이 찾으십니다,판타지,5,70분,2020.09.30,
서울,강남,룸즈에이 강남점,집떡 묘선생,동화,3.5,60분,2021.09.02,
서울,강남,룸즈에이 강남점,테마 팩토리,문제해결/AI,5,70분,2021.10.25,
서울,강남,미스터리룸이스케이프 강남점,인형괴담,공포/미스터리,3,60분,2017.10,
서울,강남,미스터리룸이스케이프 강남점,소서러,판타지,3,60분,2017.10,
서울,강남,미스터리룸이스케이프 강남점,영혼의 편지,추리/스릴러,4,60분,2015.12.07,
서울,강남,미스터리룸이스케이프 강남점,개인병원의 비밀,미스터리/스릴러,,60분,2015.12.15,
서울,강남,미스터리룸이스케이프 강남점,사라진 왕관,판타지,3,60분,2015.12.07,
서울,강남,비트포비아 강남던전,로스트 킹덤 : 잊혀진 전설,모험 탐험,NORMAL,60분,2019.06.21,
서울,강남,비트포비아 강남던전,마음을 그려드립니다,판타지,NORMAL,60분,2019.06.21,
서울,강남,비트포비아 강남던전,대호시장 살인사건,추리,HARD,60분,2019.06.21,
서울,강남,비트포비아 강남던전,강남목욕탕,코믹,EASY,60분,2019.06.21,
서울,강남,비트포비아 강남던전 2호점,로스트 킹덤 2: 대탐험의 시작,모험 탐험,NORMAL,75분,2020.10.29,
서울,강남,비트포비아 강남던전 2호점,메이데이,SF,NORMAL,65분,2020.11.06,
서울,강남,비트포비아 던전 루나,검은 운명의 밤,추리,NORMAL,65분,2023.05.31,
서울,강남,비트포비아 던전 루나,3일,판타지,NORMAL,75분,2023.10.07,
서울,강남,비트포비아 던전 스텔라,데스티니 앤드 타로,판타지,NORMAL,75분,2024.01.13,
서울,강남,비트포비아 던전 스텔라,향,"호러,공포",NORMAL,70분,2024.03.21,
서울,강남,비트포비아 던전 스텔라,TIENTANG CITY,"탈출, 잠입",NORMAL,75분,2024.08.21,
서울,강남,세븐클루스 강남1호점,룸 401,추리,3,60분,2016.05.18,
서울,강남,세븐클루스 강남1호점,환생,추리,3,60분,2018.11,
서울,강남,세븐클루스 강남1호점,러브 에센스,로맨스,3,60분,2018.11,
서울,강남,세븐클루스 강남1호점,원한(원숭이의 한),액션,4,60분,2018.11.02,
서울,강남,세븐클루스 강남1호점,더 홀,액션,3,60분,2016.05.09,
서울,강남,세븐클루스 강남1호점,사라진 백마교도,스릴러,4,60분,2016.05.10,
서울,강남,세븐클루스 강남2호점,죽음의 GP507,액션,4,60분,2016.10.24,
서울,강남,세븐클루스 강남2호점,백설공주의 비밀,로맨스,3,60분,2016.10.24,
서울,강남,세븐클루스 강남2호점,데드 얼라이브,스릴러,4,60분,2016.10.24,
서울,강남,세븐클루스 강남2호점,차이나타운의 진실,스릴러,3,60분,2016.10.24,
서울,강남,스튜디오 ESC,검은 마법사,판타지,3,75분,2023.11.14,
서울,강남,스튜디오 ESC,하얀 마법사,판타지,4,75분,2024.03.01,
서울,강남,싸인이스케이프 강남시티점,러너웨이,,4,75분,2021.03.16,
서울,강남,싸인이스케이프 강남시티점,머스트,잠입 드라마,4,75분,2022.07.15,
서울,강남,싸인이스케이프 강남시티점,익스프레스,문제방,5,40분,2023.04.28,
서울,강남,에피소드방탈출 강남점,귀문기담,공포,3,75분,2022.05.15,
서울,강남,에피소드방탈출 강남점,메아리,스릴러,3.5,75분,2023.03.02,
서울,강남,에피소드방탈출 강남점,그래서 님 몇 방?,문제방,,60분,2025.01.20,
서울,강남,엑소더스방탈출카페 강남점,클레임,판타지,4,70분,2022.12.25,
서울,강남,엑소더스방탈출카페 강남점,위시,감성/판타지,3,75분,2023.12.25,
서울,강남,엑스케이프 강남점,기억의 틈,추리/드라마,3,70분,2019.10.16,
서울,강남,엑스케이프 강남점,수취인 초대,미스터리/스릴러,4,70분,2020.01.11,
서울,강남,엑스케이프 강남점,제3표류도,수사추리/어드벤처,4,80분,2022.11.06,
서울,강남,이룸에이트,죽지 않아,19금/코믹,3,60분,2020.05.16,
서울,강남,이룸에이트,나의 계획은,15금/드라마,3,60분,2021.05,
서울,강남,이룸에이트,아이엠 유튜버,참교육/코믹,3,60분,2021.06.30,
서울,강남,이룸에이트,고령화사회,수사/추리,3,60분,2021.12.10,
서울,강남,이룸에이트,스테이시,감성/판타지,4,60분,2022.10.27,
서울,강남,이룸에이트,고인,미스터리,5,60분+@,2023.09.01,
서울,강남,이룸에이트,민초,코믹/잠입,3,60분,2023.04.26,
서울,강남,이룸에이트,낙원,스릴러/추적,4,60분,2024.04.25,
서울,강남,이스케이프랩,이세계 용사,판타지,4,100분,2021.03.27,
서울,강남,제로월드 강남점,아이엠,"추리,스릴러",4,75분,2020.07.07,
서울,강남,제로월드 강남점,어느 겨울밤 2,판타지,3,60분,2020.07.10,
서울,강남,제로월드 강남점,콜러,공포,5,75분,2020.07.31,
서울,강남,제로월드 강남점,나비효과,SF/드라마,3,75분,2020.08.26,
서울,강남,제로월드 강남점,링,공포,3,75분,2020.11.18,
서울,강남,제로월드 강남점,제로호텔 L,스릴러,4,60분,2021.01.02,
서울,강남,제로월드 강남점,돈,범죄 잠입 액션,3+α,75분,2021.03.12,
서울,강남,제로월드 강남점,포레스트,"공포,도전",4,75분,2021.04.28,
서울,강남,제로월드 강남점,헐!,코믹,4,90분,2022.03.24,
서울,강남,제로월드 블랙,제로,공포 스릴러,4,120분,2022.11.29,
서울,강남,초상화,Hiraeth,서스펜스,4,60분,2024.09.07,
서울,강남,초상화,Les Portrait,감성,3,75분,2024.12.16,
서울,강남,코드케이 강남점,충무공 이순신,액션,4,60분,2016.11.02,
서울,강남,코드케이 강남점,미스터리 거울의 방,공포,5,60분,2017.01.24,
서울,강남,코드케이 강남점,저주받은 산장,공포,3,60분,2016.06.01,
서울,강남,코드케이 강남점,납치,공포,4,60분,2016.08.27,
서울,강남,코드케이 강남점,기억상실,추리,4,60분,2016.05,
서울,강남,코드케이 강남점,살인사건 현장,추리,4,60분,2016.04.29,
서울,강남,코드케이 강남점,셜록홈즈:살인누명,추리,4,60분,2016.06.03,
서울,강남,코드케이 강남점,테러리스트,잠입,3,60분,2016.09.20,
서울,강남,코드케이 강남점,감옥탈출,액션,4,60분,2016.06.10,
서울,강남,코드케이 강남점,좀비 90일 후,공포,4,60분,2016.08.12,
서울,강남,코드케이 강남점,기술자들,잠입,4,60분,2017.04.27,
서울,강남,코드케이 강남점,도둑들,잠입,3,60분,2016.04.29,
서울,강남,코드케이 강남점,미치광이 연쇄살인범,스릴러,5,60분,2016.05,
서울,강남,코드케이 강남점,얼어붙은 물의 신전,판타지,3,60분,2018.02.09,
서울,강남,코드케이 강남점,504호,스릴러,4,60분,2024.09.09,
서울,강남,쿠쿠룸 1089,신비로운 직원생활,"코믹,추리",4,60분,2024.02.01,
서울,강남,쿠쿠룸 1089,실직요정 비상대책위원회,"코믹,드라마",3,80분,2024.02.04,
서울,강남,쿠쿠룸 1089,백순대-셀레스트,도전(문제방),5~9,50분,2024.02.14,
서울,강남,쿠쿠룸 1089,쿠쿠마스터 2025윈터시즌,,6,100분,2025.01.24,
서울,강남,쿠쿠룸 190000,첨탑-상층부,모노룸 문제방,4,50분,2024.10.28,
서울,강남,쿠쿠룸 190000,끼리코 구조대,코믹,2.5,60분,2024.10.28,
서울,강남,쿠쿠룸 190000,리그 오브 이스케이프,"협동,레이드,문제",5,80분,2024.11.26,
서울,강남,키이스케이프 강남점,월야애담,동화,4,60분,2017.11.18,
서울,강남,키이스케이프 강남점,살랑살랑 연구소,감성,3.5,60분,2017.12.14,
서울,강남,키이스케이프 강남점,그카지 말라 캤자나,코믹,4,60분,2018.05.03,
서울,강남,키이스케이프 강남더오름점,네드,,4,75분,2019.09.16,
서울,강남,키이스케이프 강남더오름점,앤제리오,,4,70분,2019.12.18,
서울,강남,키이스케이프 로그인1,머니머니패키지,머니머니,4,65분,2023.03.30,
서울,강남,키이스케이프 로그인1,포 프리,,4,65분,2023.11.24,
서울,강남,키이스케이프 로그인2,백 투 더 씬 +,,3.5,65분,2023.05.10,
서울,강남,키이스케이프 로그인2,어 젠틀 먼데이,잠입+액션,4,75분,2024.02.21,
서울,강남,키이스케이프 메모리컴퍼니,필름 바이 에디,일상 드라마,3.5,75분,2022.10.26,
서울,강남,키이스케이프 메모리컴퍼니,필름 바이 스티브,잠입,3.5,80분,2023.01.04,
서울,강남,키이스케이프 메모리컴퍼니,필름 바이 밥,일상 드라마,3.5,75분,2023.08.18,
서울,강남,키이스케이프 스테이션,머니머니부동산,머니머니,4,80분,2024.06.07,
서울,강남,키이스케이프 스테이션,내 방,코믹,3.5,65분,2024.08.01,
서울,강남,키이스케이프 스테이션,노스탤지아 비스타,미스터리 드라마,3.5,65분,2024.12.12,
서울,강남,키이스케이프 우주라이크,어스,"판타지, 동화",3.5,65분,2021.06.26,
서울,강남,키이스케이프 우주라이크,워너 고 홈,병맛 어드벤처 회사 코믹물,3.5,70분,2021.10.06,
서울,강남,파라박스,룸 444,공포,,90분,2024.07.06,
서울,강남,판타스트릭 1호점,태초의 신부: 이브 프로젝트,잠입/액션/SF판타지,4,100분,2021.03.01,
서울,강남,판타스트릭 2호점,사자의 서: 북 오브 두아트,SF/판타지,3,80분,2023.02.18,2025.05.31 종료
서울,강남,포인트나인 강남점,열쇠공의 이중생활,,4,70분,2020.06.05,
서울,강남,포인트나인 강남점,시간이 멈춘 마을,,4,70분,2020.08.14,
서울,강남,포인트나인 강남점,주인없는 낡은 서점,,4,70분,2021.05.26,
서울,강남,포인트나인 강남점,눈 먼 귀금속 상인의 후회,,3,70분,2023.06.29,
서울,강남,포인트나인 강남2호점,홈커밍,,4,80분,2021.05.19,25년 2월까지 운영예정
서울,강남,포인트나인 강남2호점,홈타운,,3,80분,2021.11.20,25년 2월까지 운영예정
서울,강남,프랭크의 골동품 가게,My Private Heaven,,3.5,75분,2025.01.28,
서울,강남,플레이더월드 강남점,이웃집 또 털어,"코믹, 잠입",5,80분,2020.01.08,
서울,강남,플레이더월드 강남점,이웃집 또 도와,"코믹, 심부름",5,110분,2022.08.26,
서울,강남,플레이더월드 강남점,이상한 나라로 출두요,"판타지, 이세계",4,100분,2021.09.20,
서울,강남,플레이더월드 강남점,조선피자몰,,3,60분,2019.11.09,
서울,강남,플레이더월드 강남점,두근두근 러브대작전,코믹,4,70분,2024.01.06,
서울,강남,플레이더월드 강남점,먹루마블,,5,80분,2024.02.19,
서울,강남,플레이포인트랩 강남점,리허설,공포,4,60분,2023.03.15,
서울,강남,플레이포인트랩 강남점,갱생,잠입,4,80분,2023.03.13,
서울,강남,플레이포인트랩 강남점,더 맨,밀리터리,4,80분,2023.09.15,
서울,강남,플레이포인트랩 강남점,스태프 온리,?,3,60분,2023.11.25,
서울,강남,플레이포인트랩 강남점,작은 창고,문제방,3,60분,2024.04.02,
서울,강남,황금열쇠 강남타임스퀘어점,노몬,판타지,3,80분,2021.05.15,
서울,강남,황금열쇠 강남타임스퀘어점,섬: 잊혀진 이야기,미스터리,4,80분,2023.03.16,
서울,강남,황금열쇠 강남플라워로드점,BACK화점,범죄,4,70분,2021.10.29(2023.06.30),
서울,강남,황금열쇠 강남플라워로드점,어나더,스릴러,3,70분,2022.08.26(2024.07.20),
서울,가로수길,시그널헌터 가로수길점,엑소시즘 인 신사,공포 오컬트,,60분,2017.10,
서울,가로수길,시그널헌터 가로수길점,젠틀맨 뱅크,액션 하이스트,,60분,2017.10,
서울,가로수길,시그널헌터 가로수길점,신사 정육점,공포 스릴러,,60분,2017.10,
서울,가로수길,시그널헌터 가로수길점,헤어질 결심,,4,60분,2024.07,
서울,가로수길,이스케이프샵 신사점,주희다방,드라마,3,60분,2020.04.28,
서울,가로수길,이스케이프샵 신사점,판데믹,"잠입,추리",3.5,60분,2020.04.28,
서울,가로수길,이스케이프샵 신사점,손 없는 날,"스릴러,공포",4,60분,2020.04.28,
서울,가로수길,이스케이프샵 신사점,포춘 테라피,"감성, 힐링",3.5,61분,2020.05.23,
서울,가로수길,이스케이프샵 신사점,천사소녀 제티,"코믹,도둑질",3,60분,2020.05.23,
서울,가로수길,코드이스케이프 가로수길점,아는 사이,,4,60분,2019.07.15,
서울,가로수길,코드이스케이프 가로수길점,재즈 인 더 레인,,4,60분,2017.01.17,
서울,가로수길,코드이스케이프 가로수길점,(수)산업스파이,,3,70분,2025.01.13,
서울,건대,넥스트에디션 건대점,소울 체이서-실종,야외방탈출,4,90분,2020.05.27,
서울,건대,넥스트에디션 건대점,이불 밖은 위험해,드라마,3,60분,2017.12.13,
서울,건대,넥스트에디션 건대점,썸,연애,3,60분,2018.07.12,
서울,건대,넥스트에디션 건대점,다시봄,드라마,4,80분,2018.04.10,
서울,건대,넥스트에디션 건대점,B아파트 13동 1313호,공포,3,60분,2017.12,
서울,건대,넥스트에디션 건대점,몬스터:10800,판타지,5,70분,2017.12.13,
서울,건대,넥스트에디션 건대 2호점,커튼콜,판타지,3,60분,2019.03.25,
서울,건대,넥스트에디션 건대 2호점,동화나라 수비대,어드벤처,5,80분,2019.05.03,
서울,건대,넥스트에디션 건대 2호점,메이크업,?,3,70분,2019.05.20,
서울,건대,넥스트에디션 건대 2호점,빛을 구해줘,빛을 구해줘,4,60분,2019.05.03,
서울,건대,넥스트에디션 건대 2호점,"어제, 그리고 오늘",드라마,4,60분,2020.02.17,
서울,건대,넥스트에디션 건대 2호점,방탈출 아카데미,미션,3,60분,2019.03.25,
서울,건대,넥스트에디션 건대 2호점,생존자_유명호 씨의 진술,재난 서스펜스,,65분,2024.11.28,
서울,건대,넥스트에디션 건대보네르관,세렌디피티,감성/판타지,4,100분,2021.08.11,
서울,건대,더메이즈 건대점,락커룸,문제방,4,60분,2016.08.10,
서울,건대,더메이즈 건대점,광해,사극,5,60분,2016.08.10,
서울,건대,더메이즈 건대점,몬테,,4.5,60분,2016.08.10,
서울,건대,더메이즈 건대점,남영동 1984,,3.5,60분,2016.08.10,
서울,건대,더메이즈 건대점,(나쁜) 아기돼지 삼형제,동화,3,60분,2016.08.10,
서울,건대,드림이스케이프,V.E.T,"드라마, 동물",3,60분,2023.02.09,
서울,건대,드림이스케이프,돌핀,"감성,판타지",3.5,65분,2023.04.07,
서울,건대,드림이스케이프,올더박스 파라다이스,"드라마,Company adventure",2.4,80분,2023.08.24,
서울,건대,드림이스케이프,바야흐로 여름이었다,"청춘, 미스터리",3,80분,2023.11.17,
서울,건대,마스터키 건대점,디데이,어드벤처 코믹,4,70분,2019.11.28,
서울,건대,마스터키 건대점,딜리버,스릴러 드라마,3,60분,2019.11.18,
서울,건대,마스터키 건대점,교생실습,공포,3.5,75분,2024.11.01,
서울,건대,머더파커 건대1호점,음대출신 김수학,,상,60분,2019.06.29,
서울,건대,머더파커 건대1호점,파커4,,상,80분,2019.06.29,
서울,건대,머더파커 건대1호점,우리 꼰대 진분홍,,중상,60분,2019.06.29,
서울,건대,머더파커 건대1호점,여행,,중상,70분,2019.07.06,
서울,건대,머더파커 건대1호점,어은꿈이진루다,,중하,60분,2019.07.29,
서울,건대,머더파커 건대1호점,꽁노리,스릴러,중하,60분,2019.07.15,
서울,건대,머더파커 건대2호점,동창회,,중상,70분,2020.07.31,
서울,건대,머더파커 건대2호점,이상한 하루,,중하,60분,2020.07.31,
서울,건대,머더파커 건대2호점,ROO3,,중상,45분,2020.07.31,
서울,건대,머더파커 건대2호점,5010,,상,60분,2020.07.31,
서울,건대,머더파커 건대2호점,동물병원,,중하,60분,2020.07.31,
서울,건대,비밀의화원 건대점,비밀의 선물,감성로맨스,3,60분,2019.07.04,
서울,건대,비밀의화원 건대점,우리의 전 사랑,찌질로맨스,2,60분,2019.07.04,
서울,건대,비밀의화원 건대점,레드림 컴퍼니,비즈니스19금,4,60분,2019.07.22,
서울,건대,비밀의화원 건대점,안녕,공포,3,60분,2019.07.22,
서울,건대,비밀의화원 건대점,우끼끼,코믹판타지,4,60분,2019.08.15,
서울,건대,비밀의화원 건대점,핑크슈즈,스릴러,5,60분,2019.10.28,종료예정
서울,건대,비밀의화원 포레스트점,미씽 스노우맨,호텔,2,70분,2020.03.20,
서울,건대,비밀의화원 포레스트점,새벽 베이커리,감성,3,60분,2020.04.06,
서울,건대,비밀의화원 포레스트점,더 데이,성인식,3,60분,2020.05.15,
서울,건대,비밀의화원 포레스트점,라스트 잡,실내/외 미션,4,90분,2020.05.07,
서울,건대,솔버 1호점,루시드 드림,공포/추리,3,60분,2017.04.21,
서울,건대,솔버 1호점,콜드 케이스,미스터리/스릴러,5,60분,2017.05.07,
서울,건대,솔버 1호점,더 케이지,추리/스릴러,4,60분,2017.09.27,
서울,건대,솔버 2호점,디어 마르시,미스터리,4,75분,2018.05.29,
서울,건대,솔버 2호점,이층 복도 끝 화장실,공포/스릴러,4,75분,2019.02.09,
서울,건대,솔버 2호점,무채색 인간,드라마,5,70분,2019.09.07,
서울,건대,엑스케이프 건대점,이도공간,미스터리/판타지,3,60분,2017.07.17,
서울,건대,엑스케이프 건대점,501동 사람들,드라마/서스펜스,3,70분,2019.11.14,
서울,건대,엑스케이프 건대점,숨바꼭질,추리/스릴러,4,60분,2018.02.26,
서울,건대,엑스케이프 건대점,짜불성설,추리/잠입수사,4,75분,2023.08,
서울,건대,엑스케이프 뉴케이스,침묵의 목격자,사건의재구성/추리,3,70분,2024.09.04,
서울,건대,엑스케이프 뉴케이스,인지상점,잠입수사/추적,2,,2024.09,
서울,건대,엑스크라임,청림맨션,미스터리/스릴러,3,60분,2018.07.23,
서울,건대,엑스크라임,베다바리,드라마/실종탐사,5,70분,2020.11.25,
서울,건대,엑스크라임,운필귀정,미제사건/수사추리,4,70분,2022.04.11,
서울,건대,이스케이프샵 건대점,철수네 수퍼,코믹,보통,60분,2022.11.22(2023.03),
서울,건대,이스케이프샵 건대점,튜링테스트,문제,매우 어려움,90분,2022.11.22,
서울,건대,이스케이프샵 건대점,고양학개론,코믹/어드벤처,조금 어려움,60분,2022.11.22,
서울,건대,이스케이프샵 건대점,캠프ing,코믹/드라마,보통,65분,2022.11.22,
서울,건대,이스케이프샵 건대점,옥순양갱,드라마,조금 어려움,70분,2022.11.28,
서울,건대,이스케이프샵 건대점,오메가,공포,보통,75분,2023.02.20,
서울,건대,이스케이프샵 건대점,미스터 방,"코믹,반야외,잠입",보통,70분,2023.09.16,
서울,건대,이스케이프샵 건대점,더 라스트 노트,드라마,보통,60분,2023.04.10,
서울,건대,포인트나인 건대점,리턴,드라마,3,60분,2021.10.15,
서울,건대,포인트나인 건대점,알바,잠입,4,70분,2021.10.15,
서울,건대,포인트나인 건대점,잭 인 더 쇼,다크 판타지,2,75분,2023.12.09,
서울,건대,플레이더월드 건대점,사악한 악마와 달콤한 공장,판타지,2,60분,2020.09.10,
서울,건대,플레이더월드 건대점,선고,드라마,3,60분,2020.09.10,
서울,건대,플레이더월드 건대점,뱀파이어 헌터,"추적, 사냥",5,60분,2020.10,
서울,건대,플레이더월드 건대점,개수작,"코믹,로맨스",3,60분,2024.03.22,
서울,건대,플레이더월드 건대점,전지적 교수시점,코믹,4,60분,2024.03.22,
서울,건대,황금열쇠 건대점,플래시,"공포, 스릴러",3,70분,2021.12.25,
서울,건대,황금열쇠 건대점,나우히어,잠입,3,70분,2022.11.21,
서울,성수,레토 성수,호텔 레토,,3,100분,2021.01.08,
서울,성수,단편선 성수점,쓰여진 문장에 구원이 없다면,,3.5,80분,2024.05.03,
서울,성수,단편선 성수점,존재할 자격,,3,80분,2024.05.03,
서울,성수,단편선 성수점,뱃사람의 별,드라마/미스터리,3,75분,2024.05.03,
서울,성수,단편선 성수점,쥐와 파시스트와 마지막 한 장,코믹,3.5,70분,2024.10.22,
서울,잠실,넥스트에디션 잠실점,카페라떼,?,3,60분,2020.02.24,
서울,잠실,넥스트에디션 잠실점,작은 악마들,드라마,4,60분,2020.02.24,
서울,잠실,넥스트에디션 잠실점,락페스티벌,Challenge,5,60분,2020.03.27,
서울,잠실,넥스트에디션 잠실점,데.코.연.(데이트 코스 연구회),로맨스,2,60분,2020.03.27,
서울,잠실,머더파커 잠실점,집으로 가자 야호,,중하,70분,2021.12.17,
서울,잠실,머더파커 잠실점,정육각형,,상,80분,2021.12.17,
서울,잠실,머더파커 잠실점,두목이스케이프,,중상,70분,2021.12.17,
서울,잠실,머더파커 WOW 잠실점,난 그저 여행만 했을 뿐인데,,중하,70분,2023.07.17,
서울,잠실,머더파커 WOW 잠실점,G.A.S.A.,SF 우주,중하,70분,2023.07.17,
서울,잠실,머더파커 WOW 잠실점,파커랜드,,중하,70분,2023.07.17,
서울,잠실,머더파커 WOW 잠실점,아틀라스,모험,중하,70분,2023.07.17,
서울,잠실,셜록홈즈 잠실1호점,무속인 살인사건,사극,4,60분,2016.12,
서울,잠실,셜록홈즈 잠실1호점,빛과 그림자,드라마,3,60분,2018.08~10,
서울,잠실,셜록홈즈 잠실1호점,위험한 레시피,공포,4,60분,2018.01,
서울,잠실,셜록홈즈 잠실1호점,산속의 여인,사극,3,60분,2016.12,
서울,잠실,셜록홈즈 잠실1호점,학교괴담 태훈이의 죽음,공포,2,60분,2016.12,
서울,잠실,셜록홈즈 잠실1호점,미대교수의 비밀,드라마,2,60분,2016.12,
서울,잠실,셜록홈즈 잠실1호점,웨딩크루즈 살인사건,드라마,2,60분,2016.12,
서울,잠실,제로월드 롯데월드점,아랑: 굶주린 이리,공포/도전,3,70분,2021.10.25,
서울,잠실,제로월드 롯데월드점,바람: 우리는 그저 바람이었소,역사 판타지,4,75분,2022.11.11,
서울,잠실,찰리이스케이프,퀴즈카페,,,210분,2024.06.06,
서울,잠실,큐브이스케이프 잠실점,집착,추리/스릴러,4,60분,2016.04.22,
서울,잠실,큐브이스케이프 잠실점,타이타닉,어드벤처,4,60분,2016.04.22,
서울,잠실,큐브이스케이프 잠실점,카타콤,추리/스릴러,5,60분,2016.04.22,
서울,잠실,큐브이스케이프 잠실점,마션,추리/어드벤처,5,60분,2016.04.22,
서울,잠실,큐브이스케이프 잠실점,로미오 포인트,호러,4,60분,2016.04.22,
서울,잠실,큐브이스케이프 잠실점,신데렐라,동화/어드벤처,3,60분,2016.04.22,
서울,잠실,플레이포인트랩 잠실점,그리고 아무도 없었다,스릴러/추리,4,60분,2018.12.15,
서울,잠실,플레이포인트랩 잠실점,이스케이프 플랜,미션 어드벤처,5,70분,2018.12.15,
서울,잠실,플레이포인트랩 잠실점,블랙룸:쉽게 만들어진 방,미스터리 퍼즐,6,60분,2019.01.15,
서울,잠실,플레이포인트랩 잠실점,샵보이스,코믹,3,60분,2019.01.24,
서울,잠실,플레이포인트랩 잠실점,어게인,감성,3,60분,2018.12.15,
서울,잠실,플레이포인트랩 잠실점,더 매치:마지막 전쟁,코믹/협력/전쟁,3,60분,2019.01.15,
서울,신촌,나의신방,CHASER: 한마음 폐공장,수사/스릴러,4,80분,2024.02.05,
서울,신촌,나의신방,신촌성심병원,스릴러,3,100분,2024.05.04,
서울,신촌,나의신방,Hanna Is Fired[한나는 해고됐어],스릴러,3,70분,2024.07.31,
서울,신촌,더클루 신촌점,호그와트-후플푸프,,4,65분,2019.09.11,
서울,신촌,더클루 신촌점,뜻밖의 하루,,2,60분,2019.11.23,
서울,신촌,더클루 신촌점,호그와트-슬리데린,,4,65분,2019.10.02,
서울,신촌,더클루 신촌점,토이 팩토리,,3,60분,2020.02.04,
서울,신촌,더클루 신촌점,호그와트-래번클로,,4,60분,2020.03.09,
서울,신촌,더클루 신촌점,최대감댁 심부름꾼,,3,60분,2020.03.25,
서울,신촌,룸익스케이프 블랙점,어느 구두쇠의 전시회장,,NORMAL,60분,2016.01.16,
서울,신촌,룸익스케이프 블랙점,에이전트: 노출된 미션,,HARD,60분,2019.11.29,
서울,신촌,룸익스케이프 블랙점,트레져쉽: 신화 속의 존재,,HARD,60분,2017.12,
서울,신촌,룸익스케이프 블랙점,냥이점집,,NORMAL,60분,2019.05.03,
서울,신촌,룸익스케이프 올리브점,오즈: 익시드 드림,,HARD,75분,2021.03.17,
서울,신촌,룸익스케이프 올리브점,져지: 정의집행,,NORMAL,60분,2022.11.26,
서울,신촌,룸익스케이프 인디고블루점,드림 포스트: 다시 꿈꾸는 마을로,감성,HARD,100분,2022.07.18,
서울,신촌,룸익스케이프 화이트점,비폴로 17호-우주로의 확장,,NORMAL,60분,2017.07.02,
서울,신촌,룸익스케이프 화이트점,신비로운 호빗의 집,,NORMAL,60분,2017.03.29,
서울,신촌,룸익스케이프 화이트점,대저택 레테 잠겨버린 출구,,HARD,60분,2017.03.29,
서울,신촌,룸익스케이프 화이트점,23번째 실험연구: 알비노,,HARD,60분,2017.09.21,
서울,신촌,룸익스케이프 화이트점,마카오: 꼭두각시 광시곡,,HARD,60분,2018.07.26,
서울,신촌,마스터키프라임 신촌퍼플릭,인 투 더 와일드,어드벤처,2,60분,2021.10.29,
서울,신촌,마스터키프라임 신촌퍼플릭,그도 그럴 것이다,스릴러,4,60분,2022.02.18,
서울,신촌,마스터키프라임 신촌퍼플릭,씬,공포,3,70분,2022.07.07,
서울,신촌,방탈출ESC,해리포터,,7,60분,2016.03.29,
서울,신촌,방탈출ESC,미션 임파서블,,3,60분,2016.03.29,
서울,신촌,방탈출ESC,올드보이,,3,60분,2016.03.29,
서울,신촌,방탈출ESC,쇼생크 탈출,,3,60분,2016.03.29,
서울,신촌,방탈출ESC,쏘우,,3,60분,2016.03.29,
서울,신촌,위드방탈출카페,세번째 밤,,4,60분,2019.03.02,
서울,신촌,위드방탈출카페,170cm 즈음에,,4,60분,2019.03.02,
서울,신촌,위드방탈출카페,마에스트로,,3,60분,2019.03.02,
서울,신촌,위드방탈출카페,스쿨 오브 락,,3,60분,2019.03.02,
서울,신촌,이스케이프시티 그랜드시티 신촌점,신의 실수,"판타지, 신화",5,80분,2022.10.10,
서울,신촌,이스케이프시티 그랜드시티 신촌점,연,판타지,5,80분,2022.10.10,
서울,신촌,이스케이프시티 그랜드시티 신촌점,컨티뉴얼,공포 스릴러,3,70분,2024.01.22,
서울,신촌,클레버타운,난 너의 보이,?(공포 아님),4,90분,2023.11.14,
서울,신촌,클레버타운,좌뇌우뇌연구소,모노룸 아케이드 문제방,5,80분,2024.07.05,
서울,신촌,탐정크루 2호점,초코의 왕,코믹 추리,2,50분,2019.01,
서울,신촌,탐정크루 2호점,대저택의 비밀,추리,2,50분,2019.01,
서울,신촌,탐정크루 2호점,소년의 마음,심리 추적,3,50분,2019.01,
서울,신촌,탐정크루 2호점,출근길,추리,3,50분,2019.01,
서울,신촌,탐정크루 2호점,크라임씬-이상한 부부 이야기,범죄 스릴러,4,50분,2019.01,
서울,신촌,파노라마방탈출카페,판도라,,,80분,2023.05.26,보수공사
서울,신촌,프로젝트 30,언더 더 씨,SF+문제,3.5,60분,2024.11.12,
서울,신촌,프로젝트 30,언더 더 마린,추리+스릴러,4,60분,2025.01.10,
서울,홍대,덤앤더머 홍대점,휴가중,모험 어드벤처,3.5,평일 75분 주말 70분,2019.03.27,
서울,홍대,덤앤더머 홍대점,기담,추리 스릴러,3.5,평일 65분 주말 60분,2018.11.15,
서울,홍대,덤앤더머 홍대점,마리오네뜨,공포,3.5,평일 75분 주말 70분,2019.01.25,
서울,홍대,덤앤더머 홍대점,오므라이스,감성,2.5,평일 65분 주말 60분,2018.09.15,
서울,홍대,덤앤더머 홍대점,소공녀,동화,3,평일 65분 주말 60분,2018.09.15,
서울,홍대,덤앤더머 홍대점,knock knock,감성,3.5,평일 65분 주말 60분,2018.12.23,
서울,홍대,덤앤더머 홍대점,버킷리스트,감성 7080,4,평일 65분 주말 60분,2018.10.04,
서울,홍대,도어이스케이프 홍대점,신기루,코믹 탈옥,3,80분,2023.02.17,
서울,홍대,도어이스케이프 홍대점,해결,오컬트/스릴러,메인 1.5 서브 3.5,60분,2024.01.29,
서울,홍대,디코더,Introverted Thief(여자방),,,60분,2016.06.20,
서울,홍대,디코더,Furious Revenge(남자방),,,60분,2016.06.20,
서울,홍대,디코더,템포 루바토,,,76분 24초,2020.04.06,
서울,홍대,딥띵커,옹이의 꿈,,3,65분,2023.04.18,
서울,홍대,레다스퀘어 홍대점,세상의 진실을 마주하는 일에 대하여,"모험,탐험",3,60분,2024.05.10,
서울,홍대,레다스퀘어 홍대점,아득히 바라던 타오름에 대하여,드라마 서사,3,75분,2024.12.01,
서울,홍대,롯데시네마 홍대점 라이브시네마,우정,,,100분,2024.06.15,
서울,홍대,롯데시네마 홍대점 라이브시네마,학교: 그 날의 이야기,,,100분,2024.10.12,
서울,홍대,룸엘이스케이프 홍대점,베니,판타지,2,70분,2022.04.18,
서울,홍대,룸엘이스케이프 홍대점,퇴근길,스릴러,3.5,75분,2023.02.09,
서울,홍대,리얼이스케이프첼린지,셜록: 교수의 비밀,,5,60분,2015.12.05,
서울,홍대,리얼이스케이프첼린지,아르바이트: 과학자의 속임수,,4.5,60분,2016.01,
서울,홍대,리얼이스케이프첼린지,큐피드: 러브 첼린지,,4,60분,2015.12.05,
서울,홍대,리얼이스케이프첼린지,구미호: 호령마을 미스테리,,4,60분,2015.12,
서울,홍대,리얼이스케이프첼린지,로스트: 그 남자의 경고,,3.5,60분,2015.12.05,
서울,홍대,마스터키 노바홍대점,검은 의사,드라마 스릴러,3,60분,2024.09.10,
서울,홍대,마스터키 노바홍대점,NOEXIT,범죄,4,80분,2024.09.10,
서울,홍대,머더파커 홍대1호점,구둣방 손님,,중하,60분,2020.11.11,
서울,홍대,머더파커 홍대1호점,엠,,중상,70분,2020.11.11,
서울,홍대,머더파커 홍대1호점,밴드의 탄생,,중하,60분,2020.11.11,
서울,홍대,머더파커 홍대1호점,칠칠,,중상,70분,2020.11.11,
서울,홍대,머더파커 홍대1호점,주마등,,상,60분,2020.11.11,
서울,홍대,머더파커 WOW홍대점,홈그라운드,모험 SF판타지,중하,70분,2023.04.01,
서울,홍대,머더파커 WOW홍대점,선택받은 자,모험 판타지,중상,70분,2023.04.01,
서울,홍대,머더파커 WOW홍대점,HA,탐험 보물찾기,중하,70분,2023.04.01,
서울,홍대,미스터리룸이스케이프 홍대점,원혼괴담,공포,5,60분,2016.07,2025.02.28 종료
서울,홍대,미스터리룸이스케이프 홍대점,뱀파이어 드라큘라의 성,모험 미스터리,4,60분,2015.08,2025.02.28 종료
서울,홍대,미스터리룸이스케이프 홍대점,꼬치진다,19금,3.5,60분,2022.05.07,
서울,홍대,미스터리룸이스케이프 홍대점,블랙홀,B급 코믹,3,70분,2024.11.26,
서울,홍대,미스터리룸이스케이프 홍대2호점,쇼생크 탈출,감옥탈출,중간,60분,2017.11.13,
서울,홍대,미스터리룸이스케이프 홍대2호점,더 북: 소설책 속의 남자,드라마/판타지,쉬움,60분,2017.11.13,
서울,홍대,미스터리룸이스케이프 홍대2호점,스파이게임 1945,전쟁 스릴러,중간,60분,2017.11.13,
서울,홍대,미스터리룸이스케이프 홍대2호점,쏘우: 0KG,스릴러,어려움,60분,2020.12.01,
서울,홍대,방탈출 둡두,카르마,범죄,3,50분,2024.03.01,
서울,홍대,방탈출 둡두,행복을 드림니다,"감성, 동화",2.5,50분,2024.08.19,
서울,홍대,방탈출 둡두,더 라스트 에피소드,"스릴러,드라마",3.5,60분,2024.08.19,
서울,홍대,방탈출 둡두,둡두의 정석,문제방,4,60분,2024.12.27,
서울,홍대,브레이크아웃이스케이프 홍대점,호커스 1-마술사의 방,탐정물,3/6,50분,2017.10.27,
서울,홍대,브레이크아웃이스케이프 홍대점,호커스 2-비밀의 방,스릴러,5/6,50분,2017.10.27,
서울,홍대,브레이크아웃이스케이프 홍대점,수상한 한의원,"미스터리,추리",5/6,50분,2017.10.27,
서울,홍대,브레이크아웃이스케이프 홍대점,서리브럼,,6/6,50분,2017.12.22,
서울,홍대,브레이크아웃이스케이프 홍대점,최후의 낙원,"모험, 탐험",4.5/6,50분,2017.10.27,
서울,홍대,비밀의 숲,오버킬,,5,60분,2021.02.11,
서울,홍대,비밀의 숲,어비스,,4,75분,2021.07.07,
서울,홍대,비밀의 숲,리플레이,,4,80분,2021.09.19,
서울,홍대,비밀의 숲,드림레일,,3,70분,2023.05.23,
서울,홍대,비밀의 숲,베스트셀러,미스터리,3,75분,2023.12.07,
서울,홍대,비트포비아 던전 101,화생설화: Blooming,판타지,NORMAL,60분,2020.08.29,
서울,홍대,비트포비아 던전 101,전래동 자살사건,추리,HARD,70분,2020.08.29,
서울,홍대,비트포비아 던전 101,MST 엔터테인먼트,탈출 잠입,NORMAL,60분,2020.09.12,
서울,홍대,비트포비아 던전 101,렛츠 플레이 투게더,판타지,EASY,60분,2023.12.27,
서울,홍대,비트포비아 홍대던전,오늘 나는,드라마 서사,NORMAL,60분,2019.01.10,
서울,홍대,비트포비아 홍대던전,날씨의 신,판타지,NORMAL,60분,2018.06.16,
서울,홍대,비트포비아 홍대던전,꿈의 공장,판타지,NORMAL,60분,2019.01.16,
서울,홍대,비트포비아 홍대던전,사라진 보물: 대저택의 비밀,탈출 잠입,NORMAL,60분,2018.06.16,
서울,홍대,비트포비아 홍대던전3,그 달동네,스릴러,EASY,70분,2022.07.30,
서울,홍대,비트포비아 홍대던전3,이미지 세탁소,판타지,NORMAL,70분,2022.08.17,
서울,홍대,비트포비아 홍대던전3,경성 연쇄실종사건,추리,HARD,70분,2022.09.28,
서울,홍대,비트포비아 홍대던전3,And I met E,판타지,NORMAL,70분,2022.11.09,
서울,홍대,비밀의화원 다운타운점,프로메사 ACT 1 주마등,약속,3,90분,2021.09.10,
서울,홍대,비밀의화원 다운타운점,프로메사 ACT 2 조우,약속,3,90분,2021.09.10,
서울,홍대,비밀의화원 다운타운점,데이 트립,로드/드라마,2,90분,2023.03,
서울,홍대,비밀의화원 다운타운점,보스: 컴퍼니 루,느와르,4,80분,2021.11.05,
서울,홍대,비밀의화원 미드나잇점,"기다려, 금방 갈게",로드/드라마,4,90분,2019.12.24,
서울,홍대,비밀의화원 미드나잇점,비밀의 가족,공포/스릴러,4,75분,2019.12.28,
서울,홍대,비밀의화원 미드나잇점,파리82,코믹,4,72분,2020.01.01,
서울,홍대,비밀의화원 미드나잇점,팩토리 엠,정체불명,5,75분,2020.02.06,
서울,홍대,상상의문 홍대점,호러맨스,"로맨스, 스릴러",3,70분,2023.01.02,
서울,홍대,상상의문 홍대점,서울만 가면 된다,일상 코미디,3,69분,2023.02.12,
서울,홍대,상상의문 홍대점,타이탄: 전쟁의 경계,SF,3,75분,2023.05.07,
서울,홍대,상상의문 홍대점,디든트,추리,5,90분,2023.03.27,
서울,홍대,서울이스케이프룸 홍대2호점,CIA본부에서의 탈출,,5,75분,2017.02.01,2025.02.28 종료
서울,홍대,서울이스케이프룸 홍대2호점,아마존의 잃어버린 도시,,4,75분,2017.01.14,3월 중 종료
서울,홍대,서울이스케이프룸 홍대2호점,베니스상인의 저주받은 저택,,4,60분,2017.01.11,2025.02.28 종료
서울,홍대,스피키지 방탈출카페,급X,코믹,4,65분,2022.07.16,
서울,홍대,스피키지 방탈출카페,올림픽 시즌2-1988,스포츠,3,65분,2022.09.16,
서울,홍대,시크릿코드,조난자들,,3,60분,2017.01.07,
서울,홍대,시크릿코드,제페토,,4,60분,2016.12.15,
서울,홍대,시크릿코드,독립군,,3,60분,2016.12.28,
서울,홍대,시크릿코드,미션,,3(하드:5),60분,2017.01.31,
서울,홍대,시크릿코드,백마교의 최후,,4,60분,2016.12.15,
서울,홍대,싸인이스케이프 홍대점,거상,,4,75분,2019.09.10,
서울,홍대,싸인이스케이프 홍대점,졸업,,3,60분,2020.02.29,
서울,홍대,싸인이스케이프 홍대점,하이팜,,4,60분,2020.09.24,
서울,홍대,엑스이스케이프 홍대놀이터점,인형살인,"공포,스릴러",3,50분,2016.06.01,
서울,홍대,엑스이스케이프 홍대놀이터점,인육식당,공포,3.5,50분,2016.06.01,
서울,홍대,엑스이스케이프 홍대놀이터점,저주인형,"공포,스릴러",3,50분,2016.06.01,
서울,홍대,엑스이스케이프 홍대놀이터점,사진괴담,"공포,스릴러",3,50분,2016.06.01,
서울,홍대,엑스이스케이프 홍대놀이터점,셰들렉의 원혼,스릴러,4.5,50분,2016.06.01,
서울,홍대,엑스이스케이프 홍대놀이터점,홈 스윗 홈,스릴러,5,50분,2022.04.25,
서울,홍대,엑스이스케이프 홍대놀이터점,선물,"감성, 힐링",3.5,50분,2022.04.01,
서울,홍대,엑스이스케이프 홍대놀이터점,리페인팅,"공포,스릴러",3.5,50분,2022.10.29,
서울,홍대,엑스이스케이프 홍대상상마당점,타로술사의 비밀,"추리,미스터리",3,50분,2017.04(2024.04.19),
서울,홍대,엑스이스케이프 홍대상상마당점,몬스터 탐험가,"어드벤처,탐험",3,50분,2017.04,
서울,홍대,엑스이스케이프 홍대상상마당점,애인탈옥,"미션, 잠입",3.5,50분,2017.04,
서울,홍대,엑스이스케이프 홍대상상마당점,인육판매자,"공포,스릴러",4,50분,2017.04,
서울,홍대,엑스케이프 홍대점,육식주의자,추리/공포,4,60분,2017.09.13,
서울,홍대,엑스케이프 홍대점,고요의 기지,판타지/드라마,3,60분,2017.08.10,
서울,홍대,엑스케이프 홍대점,버지니아 란제리샵,에로/코미디,3,60분,2017.09.28,
서울,홍대,엑스케이프 홍대점,녹,서스펜스/미스터리,3.5,60분,2017.08.10,
서울,홍대,엑스케이프 홍대점,더 다이스 룸,스릴러/추리,3,60분,2017.08.10,
서울,홍대,엑스케이프 홍대점,그 남자 그 여자,로맨스/드라마,3.5,60분,2017.09.13,
서울,홍대,오아시스 뮤지엄,업사이드 다운,어드벤처,3,75분,2022.02.14,
서울,홍대,오아시스 뮤지엄,미씽 삭스 미스터리,어드벤처,3,65분,2023.01.04,
서울,홍대,오아시스 뮤지엄,배드타임,"어드벤처, 스푸키",3,75분,2024.04.25,
서울,홍대,위욜,즐거운 나의 집,스릴러,3,60분,2022.10.17,
서울,홍대,위욜,디어 마이 프렌드,판타지,3,70분,2023.03.16,
서울,홍대,위욜,히든 오퍼,미스터리 잠입,3,70분,2025.01.23,
서울,홍대,이스케이프 하우스,사라진 목소리,미스터리 스릴러,5,60분,2017.10.18,
서울,홍대,이스케이프 하우스,미드 나이트,미스터리 스릴러,3,60분,2016.08,
서울,홍대,이스케이프 하우스,임파서블,미스터리 스릴러,4,60분,2016.06.01,
서울,홍대,이스케이프 하우스,3인의 저주,미스터리 스릴러,3,60분,2016.06.01,
서울,홍대,이스케이프 하우스,살인호텔,미스터리 스릴러,5,60분,2023.11.06,
서울,홍대,이스케이퍼스 1호점,붉은머리연맹,"잠입,스릴러",3,60분,2017.02.16,
서울,홍대,이스케이퍼스 1호점,싸이코메트리,"스릴러,추리",5,60분,2017.04.08,
서울,홍대,이스케이퍼스 1호점,RS 룸 노멀,없음,3,60분,2017.02.13,
서울,홍대,이스케이퍼스 1호점,RS 룸 스피드런,없음,7,120분,2020.07.19,
서울,홍대,이스케이퍼스 1호점,서커스: 공중그네,공포,3,60분,2017.11.10,
서울,홍대,이스케이퍼스 1호점,라이브,"공포,스릴러",4,80분,2019.08.27,
서울,홍대,이스케이퍼스 2호점,네모네모 마믈메는 무슨밀미 밌멌믈까,아케이드,3,40~60분,2019.05.11,
서울,홍대,이스케이퍼스 2호점,멍스타그램,드라마,4,60분,2019.10.17,
서울,홍대,이스케이퍼스 2호점,인생낚시,,노말 4/하드 5,60분,2019.12.16,
서울,홍대,이스케이퍼스 2호점,만약 당신이 길을 잃었다면,드라마,3,90분,2020.04.30,
서울,홍대,이스케이퍼스 2호점,테라포밍 마스,SF,5,137분,2023.05.04,
서울,홍대,제로월드 홍대점,사랑하는 감,병맛,3.5,60분,2023.03.19,
서울,홍대,제로월드 홍대점,얼라이브,"스릴러, 생존",3,80분,2023.07.28,
서울,홍대,제로월드 홍대점,깜방탈출,잠입,4,75분,2023.05.07,
서울,홍대,제로월드 홍대점,녹스,"잠입,미스터리",3.5,70분,2024.02.17,
서울,홍대,제로월드 홍대점,층간소음,공포,2.5,65분,2024.04.08,
서울,홍대,지구별방탈출 홍대라스트시티점,스텔라,드라마,3,70분,2023.08.28,
서울,홍대,지구별방탈출 홍대라스트시티점,문신,스릴러,3,67분,2023.08.17,
서울,홍대,지구별방탈출 홍대라스트시티점,멸종위기종 탐사대,어드벤처/미션,4,65분,2023.05.16,
서울,홍대,지구별방탈출 홍대라스트시티점,스위티,?,3,60분,2023.04.28,
서울,홍대,지구별방탈출 홍대라스트시티점,섀도우,범죄/미스터리,3,75분,2023.03.28,
서울,홍대,지구별방탈출 홍대라스트시티점,라스트 코어,SF,4,90분,2024.07.09,
서울,홍대,지구별방탈출 홍대어드벤처점,퀘스트: 여정의 시작,판타지,3,50분,2022.08.01,
서울,홍대,지구별방탈출 홍대어드벤처점,미스터리,미스터리,4.5,85분,2022.08.18,
서울,홍대,지구별방탈출 홍대어드벤처점,지난 날을 잊었다,감성,3.5,65분,2022.09.28,
서울,홍대,지구별방탈출 홍대어드벤처점,아몬: 새벽을 여는 소년,어드벤처,3,70분,2024.06.03,
서울,홍대,코드케이 홍대점,꼬레아 우라,판타지,4,75분,2019.10.08,
서울,홍대,퀘스천 마크,퀘스천 마크,?,?,75분,2021.05.06,
서울,홍대,큐브이스케이프 홍대점,피라미드,어드벤처,3,60분,2016.01.08,
서울,홍대,큐브이스케이프 홍대점,헨젤과 그레텔,동화 어드벤처,4,60분,2016.01.08,
서울,홍대,큐브이스케이프 홍대점,게슈타포,첩보,4,60분,2015.12.31,
서울,홍대,큐브이스케이프 홍대점,로미오 포인트,스릴러,4,60분,2016.01.08,
서울,홍대,큐브이스케이프 홍대점,몽키 하우스,호러/스릴러,3,60분,2015.12.31,
서울,홍대,큐브이스케이프 홍대점,타워링,재난,4,60분,2016.01.08,
서울,홍대,큐브이스케이프 홍대점,장기밀매,스릴러,5,60분,2015.12.31,
서울,홍대,큐브이스케이프 홍대점,딜리버,스릴러,4,60분,2015.12.31,
서울,홍대,키이스케이프 홍대점,고백,,5,85분,2019.01,2025년 7월 종료예정
서울,홍대,키이스케이프 홍대점,삐릿뽀,어드벤처,4,75분,2018.11.24,2025년 7월 종료예정
서울,홍대,키이스케이프 홍대점,홀리데이,판타지,4,60분,2018.12.13,2025년 7월 종료예정
서울,홍대,토끼굴 방탈출,두껍아 두껍아 헌집줄게 새집다오,드라마 미스터리,3,75분,2024.11.30,
서울,홍대,티켓투이스케이프,갤럭시 익스프레스,타임어택,4,20~40분,2023.11.24,
서울,홍대,티켓투이스케이프,해줘 놈즈,미션 해결,3,75분,2023.11.24,
서울,홍대,티켓투이스케이프,씬 비하인드 더 신,드라마/연극,4,60분,2023.11.24,
서울,홍대,티켓투이스케이프,로랑 옥스퍼드,활동성/판타지,3,60분,2023.11.24,
서울,홍대,티켓투이스케이프,오 자네 왔는가,조선시대/코믹,3,60분,2023.11.24,
서울,홍대,티켓투이스케이프,삼일보육원,스릴러/약공포,4,75분,2023.11.24,
서울,홍대,티켓투이스케이프,헬로 프레이,SF,4,75분,2023.12.28,
서울,홍대,티켓투이스케이프,라빈의 보물상점,판타지,3,60분,2024.02.03,
서울,홍대,티켓투이스케이프,더 웨이 아웃,탈출/미션,3.5,60분,2024.02.07,
서울,홍대,티켓투이스케이프,하씨 심부름센터,미션/스토리,4,60분,2024.03.13,
서울,홍대,티켓투이스케이프,웨스턴 뱅,타임어택,4,70분,2024.04.20,
서울,홍대,티켓투이스케이프,364일,롤플레잉/미션,3,65분,2024.06.22,
서울,홍대,티켓투이스케이프,낮과 밤,미션/판타지,4,60분,2024.08.02,
서울,홍대,티켓투이스케이프,히든 시나리오,스릴러/범죄,4,80분,2024.11.10,
서울,홍대,티켓투이스케이프,게임의 법칙,아케이드/미션,5,99분,2025.01.22,
서울,홍대,포인트나인 홍대점,사일런트,"스릴,수사",3,75분,2022.07.12,
서울,홍대,포인트나인 홍대점,리슨,스릴,3,75분,2022.12.27(2023.11.24),
서울,홍대,플레이포인트랩 홍대점,온칼로,어드벤처 추리,3,60분,2017.12.30,
서울,홍대,플레이포인트랩 홍대점,연애조작단,감성 추리,2,60분,2017.12.24,
서울,홍대,플레이포인트랩 홍대점,B미술학원 13호실,공포,3,60분,2018.01.04,
서울,홍대,해피앤딩방탈출,탐정 브레드맨: 도넛 살인사건,판타지/추리,4(초보자) 3(10~20회),60분,2023.05.23,
서울,홍대,해피앤딩방탈출,해피 버스 데이,스릴러,4(초보자) 2.5~3(10~20회),60분,2023.05.23,
서울,홍대,해피앤딩방탈출,어?계인씨!,개그,3(초보자) 2~2.5(10~20회),45분,2024.01.26,
서울,홍대,히든스위치,미씽,SF+우주,4,75분,2020.02.24,
서울,홍대,히든스위치,오드리,모험+판타지,3,75분,2020.08.15,
서울,대학로,덤앤더머 대학로점,글램핑,,2.5,60분,2017.12,
서울,대학로,덤앤더머 대학로점,크라임시티,,3.5,60분,2017.07.27,
서울,대학로,덤앤더머 대학로점,작전명: 옵저버,,4,60분,2017.11,
서울,대학로,덤앤더머 대학로점,러브 클리닉,,2.5,60분,2017.07.27,
서울,대학로,덤앤더머 대학로점,투 앨리스,,3.5,60분,2017.08.24,
서울,대학로,덤앤더머 대학로점,푸른 수염,추리/스릴러,3,60분,2017.08.09,
서울,대학로,룸즈에이 대학로점,시크릿 에이전트,잠입/수사,4,60분,2017.12.21,
서울,대학로,룸즈에이 대학로점,게인 타임,문제해결/공상,5,60분,2017.12.21,
서울,대학로,룸즈에이 대학로점,안개꽃,감성/로맨스,4,60분,2017.12.21,
서울,대학로,룸즈에이 대학로점,낭랑카페,힐링/판타지,3,60분,2018.01.20,
서울,대학로,룸즈에이 대학로점,행방불냥,고양이/큐트,3,60분,2018.04.07,
서울,대학로,비밀의화원 대학로점,대감댁 변씨,조선므훗병맛,4,60분,2019.04.22,
서울,대학로,비밀의화원 대학로점,슈퍼 플레이어,레트로게임,5,60분,2019.04.22,
서울,대학로,비밀의화원 대학로점,비밀의 모험,어드벤처,5,75분,2019.05.10,
서울,대학로,비밀의화원 대학로점,엑스튜브,공포/스릴러,5,60분,2019.05.17,
서울,대학로,비밀의화원 대학로점,나이스,복고/뮤지컬,3,60분,2019.05.28,
서울,대학로,비밀의화원 대학로점,혜화애,로드/로맨스,2,90분,2019.06.15,제한적 운영
서울,대학로,비밀의화원 시네마틱점,H.E.L.L.P,추리,5,100분,2021.02.26,
서울,대학로,비밀의화원 시네마틱점,달: 기억의 조각,감성,4,75분,2021.03.10,
서울,대학로,비밀의화원 시네마틱점,삼남매 이씨 장녀,로드/힐링,2,60분,2021.07.23,
서울,대학로,비밀의화원 시네마틱점,삼남매 이씨 차녀,코믹,2,60분,2021.07.23,
서울,대학로,비밀의화원 시네마틱점,삼남매 이씨 막내,오컬트,2,60분,2021.07.23,
서울,대학로,비밀의화원 시네마틱점,도망자 여씨,타임어택,3.5,45분,2021.08.08,
서울,대학로,비밀의화원 시네마틱점,딜레마,미스터리/드라마,3.5,80분(영상시간 포함),2021.08.13,
서울,대학로,비트포비아 대학로점,잭 더 리퍼,추리,3,60분,2016.03.26,
서울,대학로,비트포비아 대학로점,이일호씨,탈출 잠입,2,60분,2017.05.22,
서울,대학로,비트포비아 대학로점,이런 변이 있나,코믹,3,60분,2018.07.08,
서울,대학로,비트포비아 대학로점,지금 만나러 갑니다,스릴러,3,60분,2020.02.08,
서울,대학로,비트포비아 대학로점,구룡 잠들지 않는 도시,미스터리,4,65분,2020.09.21,
서울,대학로,상상의문 대학로점,스포일러,미스터리,5,85분,2022.01.22,
서울,대학로,상상의문 대학로점,나이트 워크,판타지,3,100분,2022.03.16(2022.10.21),
서울,대학로,상상의문 대학로점,경찰과 도둑 ep1 경찰이야기,추리,3,60분,2022.04.14(2022.11.25),
서울,대학로,상상의문 대학로점,경찰과 도둑 ep1 도둑이야기,추리,3,60분,2022.04.14(2022.11.25),
서울,대학로,셜록홈즈 대학로점,미녀와 야수,동화,2,60분,2017.12.28,
서울,대학로,셜록홈즈 대학로점,위험한 레시피,"추리,스릴러",4,60분,2017.12.28,
서울,대학로,셜록홈즈 대학로점,무속인 살인사건,"추리,스릴러",4,60분,2017.12.28,
서울,대학로,셜록홈즈 대학로점,드림 인베이더(대학로버전),"SF, 첩보",3,60분,2017.12.28,
서울,대학로,셜록홈즈 대학로점,혼: 원혼의 저주,공포,3,60분,2017.12.28,
서울,대학로,시크릿챔버,비기너스 럭,,4,60분,2017.01.29,
서울,대학로,시크릿챔버,더 시크릿 챔버,,4,60분,2016.03.19,
서울,대학로,시크릿챔버,야마시타 골드,,3,60분,2016.03.19,
서울,대학로,시크릿챔버,프로즌 브레이크,,2,60분,2016.03.19,
서울,대학로,시크릿챔버,올드 스쿨 80's,,4,60분,2016.03.19,
서울,대학로,에필로그,먼데이 나이트,판타지,3,80분,2022.10.27,
서울,대학로,에필로그,스테이지,공포/현실,3,80분,2023.04.28,
서울,대학로,에필로그,다섯번째 밤,추리/게임,3,80분,2024.04.20,
서울,대학로,에필로그,메모리,,2,60분,2024.12.28,
서울,연신내,방탈출 미로,무속인 살인사건,,4,60분,2019.06,
서울,연신내,방탈출 미로,프로젝트 노아,,4,60분,2019.06,
서울,연신내,방탈출 미로,호텔: 사라진 다이아몬드,,3,60분,2019.06,
서울,연신내,방탈출 미로,피노,,4,60분,2021.12.06,
서울,연신내,방탈출 미로,연: 그날의 기억,,4,75분,2022.04.29,
서울,성신여대앞,셜록홈즈 성신여대점,호텔: 사라진 다이아몬드,,4,60분,2018.04.12,
서울,성신여대앞,셜록홈즈 성신여대점,크라임씬,,3,60분,2018.04.12,
서울,성신여대앞,셜록홈즈 성신여대점,빛과 그림자:화이트의 죽음 2,드라마,3,60분,2019.11.02,
서울,성신여대앞,셜록홈즈 성신여대점,보헤미아 왕국의 스캔들,드라마,4,60분,2018.04.12,
서울,성신여대앞,이스케이프시티 성신여대점,비밀결사대,"역사,암살",5,60분,2019.05,
서울,성신여대앞,이스케이프시티 성신여대점,킬러VS,스릴러,4,60분,2019.05,
서울,성신여대앞,이스케이프시티 성신여대점,VS경찰,스릴러,3,60분,2019.05,
서울,성신여대앞,이스케이프시티 성신여대점,그녀를 찾아서,공포,4,60분,2019.08,
서울,성신여대앞,이스케이프시티 성신여대점,시험지 유출사건,"범죄,오락",4,60분,2020.04.09,
서울,명동,비트포비아 명동점,도깨비,모험 탐험,4,60분,2017.12.23,리뉴얼 예정
서울,명동,비트포비아 명동점,오늘밤 주인공은 나야 나,탈출 잠입,4,60분,2017.12.23,리뉴얼 예정
서울,명동,비트포비아 명동점,드러건 [배신의 씨앗: 의심],스릴러,3,40분,2023.10.24,리뉴얼 예정
서울,명동,알카트래즈,미저리,,4,60분,2023.01.31,
서울,명동,알카트래즈,프리즌 이스케이프-리턴,,4,60분,2023.01.31,
서울,명동,알카트래즈,카르텔,,4,60분,2023.01.31,
서울,명동,알카트래즈,대부호 스핑크스의 초대장,,3,60분,2023.01.31,
서울,노원,더메이즈 노원점,로스트 더 프린스,,3.5,60분,2016.12.15,
서울,노원,더메이즈 노원점,노 원,,4,60분,2016.12.15,
서울,노원,더메이즈 노원점,상계동 357-8,공포,4,60분,2016.12.15,
서울,노원,더메이즈 노원점,시크릿 룸,,3,60분,2016.12.15,
서울,노원,더메이즈 노원점,탐정 인 뉴욕,추리,3.5,60분,2016.12.15,
서울,노원,더메이즈 노원점,상의원,,3,60분,2018.02.15,
서울,노원,더메이즈 노원점,더 바틀샵 인 중계동,,3.5,60분,2018.03,
서울,노원,더메이즈 노원점,디셈블,스릴러/드라마,4.5,70분,2024.02.03,
서울,노원,더메이즈 노원점,딜리트,서스펜스/드라마,4,70분,2024.02.27,
서울,노원,더메이즈 노원점,골드,,5,70분,2024.04,
서울,노원,셜록홈즈 노원점,도둑들,,4,60분,2017.10.30,
서울,노원,셜록홈즈 노원점,스토커,,3,60분,2019.11,
서울,노원,셜록홈즈 노원점,미녀와 야수2,,4,60분,2019.11,
서울,노원,셜록홈즈 노원점,파라오의 심판,,4,60분,2019.08,
서울,노원,셜록홈즈 노원점,황금감옥: 와캄,,3,60분,2020.04.28,
서울,노원,셜록홈즈 노원점,지프리트의 심장,판타지,4,60분,2020.03.24,
서울,노원,플레이포인트랩 노원점,일탈,드라마,4,60분,2021.04.23,
서울,노원,플레이포인트랩 노원점,이모션,판타지,3,60분,2021.04.23,
서울,노원,플레이포인트랩 노원점,통제구역,문제방,5,60분,2021.04.23,
서울,노원,플레이포인트랩 노원점,타임 크랙,판타지,3,60분,2021.05.01,
서울,수유,더트랩 수유,그녀를 만나기 1시간 전,,3,60분,2021.04.15,
서울,수유,더트랩 수유,드림 팩토리,,2,60분,2021.04.15,
서울,수유,더트랩 수유,박물관을 털어라,,3,60분,2021.04.15,
서울,수유,더트랩 수유,디 테라피,,3.5,60분,2021.04.15,
서울,수유,더트랩 수유,사립고 살인사건,추리,4,60분,2021.04.15,
서울,수유,큐브이스케이프 수유점,Treasure Hunters ① : 우든펍의 비밀,추리/어드벤처,3,60분,2018.06.01,
서울,수유,큐브이스케이프 수유점,Treasure Hunters ② : 빅토리아호의 침몰,추리/어드벤처,3.5,60분,2018.06.01,
서울,수유,큐브이스케이프 수유점,Treasure Hunters ③ : 거미의 둥지,스릴러/어드벤처,4,60분,2018.06.01,
서울,수유,큐브이스케이프 수유점,Traesure Hunters④ : 골든아이,판타지/어드벤처,5,60분,2018.06.01,
서울,수유,큐브이스케이프 수유점,더 큐브,추리/스릴러,4.5,60분,2018.06.01,
서울,수유,큐브이스케이프 수유점,STEPFATHER : 사라진 천사들,추리/스릴러,3.5,60분,2018.06.01,
서울,수유,큐브이스케이프 수유점,집착,추리/공포/스릴러,4,60분,2018.06.01,
서울,종로,셜록홈즈 종각점,숙제,,4,60분,2019.07.24,
서울,종로,셜록홈즈 종각점,호텔: 사라진 다이아몬드,,4,60분,2019.06.26,
서울,종로,셜록홈즈 종각점,프로젝트: 노아,SF 드라마,4,60분,2019.06.26,
서울,종로,셜록홈즈 종각점,빛과 그림자: 화이트의 죽음 2,드라마,3,60분,2019.06.26,
서울,종로,셜록홈즈 종각점,죽음의 신,,5,60분,2019.09.28,
서울,용산,비트포비아 미션브레이크,봉인의 탑: 마법사의 길,판타지,2,60분,2018.07.22,
서울,용산,비트포비아 미션브레이크,시그널 1989,추리,4,60분,2018.07.22,
서울,용산,비트포비아 미션브레이크,시그널 2018,추리,3,60분,2018.07.22,
서울,용산,비트포비아 미션브레이크,신서유기: 용볼회수대작전,임무 탈환,3,60분,2020.01.31,
서울,용산,비트포비아 미션브레이크,신서유기: 신묘한 실종사건,추리,2,60분,2019.12.19,
서울,신림,넥스트에디션 신림점,옛날옛날에,동화,2,60분,2019.12.16,
서울,신림,넥스트에디션 신림점,러버,로맨스,3,60분,2019.12.16,
서울,신림,넥스트에디션 신림점,테스터,추리,4,60분,2020.01.22,
서울,신림,넥스트에디션 신림점,씨프?? XX!!,코믹,4,60분,2020.01.22,
서울,신림,넥스트에디션 신림점,극,극,3,70분,2020.03.05,
서울,신림,더코드 신림점,아파트,,3,60분,2017.05.10,
서울,신림,더코드 신림점,위자 보드: 위험한 장난,,4,60분,2017.05.10,
서울,신림,더코드 신림점,세기의 명화를 훔치는 도둑들,,3,60분,2017.05.10,
서울,신림,더코드 신림점,의문의 동창회,,4,60분,2017.05.10,
서울,신림,더코드 신림점,다시 시작된 살인사건,,4,60분,2017.05.10,
서울,신림,룸엘이스케이프 신림점,악몽,공포,5,70분,2019.09.22,
서울,신림,룸엘이스케이프 신림점,메트로,추리스릴러,3,70분,2019.11.15,
서울,신림,룸엘이스케이프 신림점,아빠 어디가,코믹?,4,50분,2019.10.03,
서울,신림,룸엘이스케이프 신림점,트레져 헌터,판타지,4,70분,2020.02.07,
서울,신림,룸엘이스케이프 신림 3호점,필터,"미스터리,잠입",4,85분,2024.08.17,
서울,신림,비트포비아 신림점,섹스 어필,섹시,3,60분,2017.04.29,
서울,신림,비트포비아 신림점,스윙게이트,탈출 잠입,3,60분,2017.04.29,
서울,신림,비트포비아 신림점,스플릿,스릴러,3,60분,2017.04.29,
서울,신림,비트포비아 신림점,네버랜드를 찾아서,판타지,2,60분,2017.04.29,
서울,신림,셜록홈즈 신림2호점,무속인 살인사건,,4,60분,2019.11.22,
서울,신림,셜록홈즈 신림2호점,빛과 그림자,드라마,3,60분,2019.11.22,
서울,신림,셜록홈즈 신림2호점,도둑들,,4,60분,2019.11.22,
서울,신림,셜록홈즈 신림2호점,미녀와 야수,,2,60분,2019.11.22,
서울,서울대입구,셜록홈즈 서울대입구점,무인도,어드벤처,2,60분,2023.03,
서울,서울대입구,셜록홈즈 서울대입구점,201호 202호,스릴러,3,60분,2023.03,
서울,서울대입구,셜록홈즈 서울대입구점,괴담수집가,"공포, 문제방",4,60분,2023.03,
서울,서울대입구,셜록홈즈 서울대입구점,4,,3,60분,2023.04,
서울,서울대입구,셜록홈즈 서울대입구점,더 헝거: 욕망의 큐브,"아케이드, 문제방",4,60분,2023.04,
서울,서울대입구,셜록홈즈 서울대입구점,TMA,"SF,첩보,야외",3,100분,2023.10.13,동절기 미운영
서울,서울대입구,월투월 방탈출,드림 인베이더,,3,60분,2017.11.25,
서울,서울대입구,월투월 방탈출,지하감옥,,3,60분,2017.11.25,
서울,서울대입구,월투월 방탈출,마법사의 세계,,3,60분,2017.11.25,
서울,서울대입구,월투월 방탈출,이상한 나라의 초대,,2,60분,2017.11.25,
서울,서울대입구,월투월 방탈출,위험한 레시피,,5,60분,2017.11.25,
서울,구로,코난이스케이프 구로디지털단지역점,미대생의 죽음,,3,60분,2016.11.17,
서울,구로,코난이스케이프 구로디지털단지역점,악마를 보았다,,3,60분,2016.11.17,
서울,구로,코난이스케이프 구로디지털단지역점,버스안에서,,3,60분,2016.11.17,
서울,구로,코난이스케이프 구로디지털단지역점,대저택의 비밀,,4,60분,2016.11.17,
서울,구로,코난이스케이프 구로디지털단지역점,의문의 의뢰편지,,3,60분,2020.04.13,
서울,영등포,이스케이프시티 영등포본점,기억의 조각,추리/공포,5,60분,2017.08.19,
서울,영등포,이스케이프시티 영등포본점,좀비 바이러스,모험/스릴러,4,60분,2017.08.19,
서울,영등포,이스케이프시티 영등포본점,마법학교,미스터리/판타지,3,60분,2017.08.19,
서울,영등포,이스케이프시티 영등포본점,스파이,액션/모험,4,60분,2019.04.25,
서울,영등포,이스케이프시티 영등포본점,카지노의 전설,범죄/오락,5,60분,2019.04.13,
서울,영등포,이스케이프시티 영등포본점,다시 만날 수 있을까?,미스터리/로맨스,3,60분,2019.04.18,
서울,영등포,탈출브라더스,달의 제단,판타지,4,60분,2024.03.12,
서울,영등포,탈출브라더스,도둑들,첩보,4,60분,2017.10,
서울,영등포,탈출브라더스,혼: 원혼의 저주,약공포,4,60분,2017.10,
서울,영등포,탈출브라더스,파라오의 비밀,어드벤처,4,60분,2017.10,
서울,영등포,탈출브라더스,지하감옥,스릴러,3,60분,2017.10,
서울,영등포,탈출브라더스,빛과 그림자,드라마,2,60분,2018.11~12,
서울,천호,큐브이스케이프 천호점,더 큐브,추리/스릴러,4.5,60분,2017.12.09,
서울,천호,큐브이스케이프 천호점,더 메이즈,어드벤처/스릴러,4,60분,2017.12.09,
서울,천호,큐브이스케이프 천호점,장기밀매 Part 2,호러,4.5,60분,2017.12.09,
서울,천호,큐브이스케이프 천호점,STEPFATHER : 사라진 천사들,추리/스릴러/호러,3.5,60분,2017.12.09,
서울,천호,큐브이스케이프 천호점,Piggies : 마녀의 꿈,판타지/어드벤처,4,60분,2017.12.09,
서울,천호,큐브이스케이프 천호점,Aphilia : 장미의 비밀,추리/스릴러,4,60분,2017.12.09,
서울,천호,큐브이스케이프 천호점,피고인,추리/스릴러,3,60분,2017.12.09,
서울,이수,도어이스케이프 이수역점,파라오의 석실,,3,60분,2019.05,
서울,이수,도어이스케이프 이수역점,빠삐용,,4,60분,2019.05,
서울,이수,도어이스케이프 이수역점,검은 조직,,4.5,60분,2019.05,
서울,이수,도어이스케이프 이수역점,S.O.S 정글,,4.5,60분,2019.05.22,
서울,왕십리,더코드 왕십리점,도박꾼: 마지막 배팅,,3,60분,2019.06.10,
서울,왕십리,더코드 왕십리점,도둑들#2: 다이아몬드 블루문,,4,60분,2019.06.10,
서울,왕십리,더코드 왕십리점,냉동창고: 살인사건 #2,,4,60분,2019.06.10,
서울,왕십리,더코드 왕십리점,피의 일요일,,2,60분,2019.06.10,
서울,회기,더코드 회기점,강력 1반: 추격자,,4,60분,2018.12.22,
서울,회기,더코드 회기점,다시 시작된 살인사건,,4,60분,2017.09.20,
서울,회기,더코드 회기점,세기의 명화를 훔치는 도둑들,,3,60분,2017.09.20,
서울,회기,더코드 회기점,재즈바 W: 위험한 거래,,3,60분,2017.09.20,
서울,외대,엔터팟,비공식수사,잠입,3.5,180분,2024.04.24,
서울,노량진,셜록홈즈 노량진점,어린 왕자,감성 SF,4,60분,2018.08,
서울,노량진,셜록홈즈 노량진점,빛과 그림자:화이트의 죽음 2,드라마,3,60분,2019.12,
서울,노량진,셜록홈즈 노량진점,중고로운 평화나라,코미디 스릴러,3,60분,2020.07.13,
서울,노량진,셜록홈즈 노량진점,반하셨군요?,,4,60분,2020.07.04,
서울,목동,패닉이스케이프,패닉특수부대,,3,60분,2019.08.14,
서울,목동,패닉이스케이프,매직 아카데미,판타지,5,80분,2023.07.23,
서울,목동,패닉이스케이프,두 얼굴의 영주,,4,60분,2015.12.22,
서울,목동,패닉이스케이프,애로우,,4,60분,2024.04.20,
경기/인천,안양,나비잠 방탈출카페 1호점,범계: 호랑이 계곡,"사극, 어드벤처",3,65분,2022.05.09,
경기/인천,안양,나비잠 방탈출카페 1호점,트러블,일상 판타지,3,70분,2023.01.04,
경기/인천,안양,나비잠 방탈출카페 1호점,몽,"서스펜스,드라마",4,70분,2024.11.07,
경기/인천,안양,나비잠 방탈출카페 2호점,하피스 캔디샵,스릴러,3,75분,2023.09.30,
경기/인천,안양,나비잠 방탈출카페 2호점,블라인드 저스티스,추리,4,75분,2023.12.06,
경기/인천,안양,나비잠 방탈출카페 2호점,로스트 앤 파운드,"액션, 판타지",2,65분,2024.01.30,
경기/인천,안양,다락방방탈출카페 안양점,크라임씬,,3,60분,2018.01.20,
경기/인천,안양,다락방방탈출카페 안양점,혼: 원혼의 저주,,4,60분,2018.01.20,
경기/인천,안양,다락방방탈출카페 안양점,도둑들,,3,60분,2018.01.20,
경기/인천,안양,다락방방탈출카페 안양점,미녀와 야수,,2,60분,2018.01.20,
경기/인천,안양,다락방방탈출카페 안양점,마법사의 세계,,3,60분,2018.01.20,
경기/인천,안양,다락방방탈출카페 안양점,지하감옥,,4,60분,2018.01.20,
경기/인천,안양,래빗 온더 문,러브레터,감성,3,65분,2022.04.20,
경기/인천,안양,래빗 온더 문,의뢰인,잠입,4,70분,2022.05.04,
경기/인천,안양,룸즈에이 안양범계점,띵가띵가,큐트/코믹,3,60분,2021.07.10,
경기/인천,안양,룸즈에이 안양범계점,뽀득뽀득,큐트/목욕,4,60분,2021.07.10,
경기/인천,안양,룸즈에이 안양범계점,커밍순,스토리,4,60분,2021.07.10,
경기/인천,안양,마스터키 안양점,우주대미남,코믹 추리,3,60분,2018.05.12,
경기/인천,안양,마스터키 안양점,사랑과 전쟁,드라마 액션,5,60분,2018.05.04,
경기/인천,안양,마스터키 안양점,운수 좋은 날,감성,3,60분,2018.05.12,
경기/인천,안양,마스터키 안양점,레드럼,스릴러/공포,4,60분,2019.09.26,
경기/인천,안양,마스터키 안양점,데자뷰,스릴러 추리,3,60분,2018.05.04,
경기/인천,안양,셜록홈즈 뉴안양점,웨딩크루즈 살인사건-2탄,,3,60분,2020.08.15,
경기/인천,안양,셜록홈즈 뉴안양점,파노라마,드라마,4,60분,2020.08.15,
경기/인천,안양,셜록홈즈 뉴안양점,파란 지붕집,호러,3,60분,2020.08.15,
경기/인천,안양,셜록홈즈 뉴안양점,노량진 고시생의 사랑-여자편,드라마 감성,4,60분,2020.08.15,
경기/인천,안양,셜록홈즈 뉴안양점,중고로운 평화나라,코미디 스릴러,3,60분,2020.08.15,
경기/인천,안산,도어이스케이프 안산점,마녀의 저주,,4,60분,2016.04.13,
경기/인천,안산,도어이스케이프 안산점,미친 의사,,4.5,60분,2016.05,
경기/인천,안산,도어이스케이프 안산점,빅뱅,,5,60분,2016.04.13,
경기/인천,안산,도어이스케이프 안산점,파라오의 석실,,3,60분,2016.04.13,
경기/인천,안산,도어이스케이프 안산점,검은 조직,,4.5,60분,2016.12.17,
경기/인천,안산,도어이스케이프 안산점,귀곡성,공포,4,60분,2016.12.03,
경기/인천,안산,도어이스케이프 안산점,빠삐용,,4,60분,2016.11,
경기/인천,안산,루트이스케이프 안산점,사라진 여인,추리/미스터리,3,60분,2017.01.09,
경기/인천,안산,루트이스케이프 안산점,사건파일,추리/미스터리,4,60분,2017.01.09,
경기/인천,안산,루트이스케이프 안산점,수상한 미술관,추리/미스터리,3,60분,2017.01.09,
경기/인천,안산,루트이스케이프 안산점,골드 마인,추리/미스터리,4,60분,2017.01.09,
경기/인천,안산,루트이스케이프 안산점,디 아더스,공포,5,60분,2017.01.09,
경기/인천,안산,리버스이스케이프 안산점,빈센트 2023,"추적,드라마",3,60분,2023.10.24,
경기/인천,안산,리버스이스케이프 안산점,이젠 더 이상 필요없어,"성인,드라마,연애",4,70분,2023.11.10,
경기/인천,안산,리버스이스케이프 안산점,귀촌: 숨바꼭질,"공포,스릴러",2,60분,2023.12.23,
경기/인천,안산,리버스이스케이프 안산점,CAFE:REST,"실종, 스릴러",1,40분,2025.01.03,
경기/인천,안산,방탈출꿈소풍 안산 1호점,안산 코노,공포,3,60분,2020.11.11,
경기/인천,안산,방탈출꿈소풍 안산 1호점,꿈꾸는 앨리스,동화,3,70분,2020.11.18,
경기/인천,안산,방탈출꿈소풍 안산 1호점,말콤 앤 매리언:언더커버 미션,미션 잠입 분리,5,60분,2020.12.11,
경기/인천,안산,방탈출꿈소풍 안산 1호점,타로78,"모노룸,힐링,문제방",4,50분/100분/150분/200분,2022.01.03,
경기/인천,안산,방탈출꿈소풍 안산 1호점,브레이크,미션/잠입,4,70분,2023.02.13,
경기/인천,안산,방탈출꿈소풍 안산 2호점,냥냥펀치,일상,4,60분,2022.06.13,
경기/인천,안산,방탈출꿈소풍 안산 2호점,B612,동화,4,80분,2022.07.22,
경기/인천,안산,방탈출꿈소풍 안산 2호점,시민상가철거반,공포,4,80분,2022.09.07,
경기/인천,안산,방탈출꿈소풍 안산 2호점,금GO,잠입/모노룸,3,50분,2023.01.10,
경기/인천,안산,방탈출꿈소풍 안산 2호점,키멘주에이,오컬트 스릴러,3,60분,2024.12.17,
경기/인천,안산,셜록홈즈 안산점,낮밤,"아케이드, 경쟁",3,60분,2023.10.06,
경기/인천,안산,셜록홈즈 안산점,테스트,"SF, 공상과학",4,60분,2023.10.06,
경기/인천,안산,셜록홈즈 안산점,방탈수난기,코믹,4,60분,2023.10.28,
경기/인천,안산,셜록홈즈 안산점,고잔로 108,야외방탈출,3,90분,2023.10.17,
경기/인천,시흥,어클락이스케이프,캔버스,스릴러,5,60분,2024.04.20,
경기/인천,시흥,어클락이스케이프,아틀란티스,어드벤처,4,60분,2024.04.20,
경기/인천,시흥,어클락이스케이프,로스트 밸리,어드벤처,3,60분,2024.04.20,
경기/인천,시흥,어클락이스케이프,인디아나 존스,어드벤처,3,60분,2024.04.20,
경기/인천,시흥,어클락이스케이프,헌신,공포,3,60분,2024.05.12,
경기/인천,시흥,어클락이스케이프,서브타임,감옥,2,60분,2024.07.08,
경기/인천,시흥,어클락이스케이프,헨젤과 그레텔,동화,2,60분,2024.09.16,
경기/인천,군포,시크릿도어,기밀벙커,"추리,서스펜스",3,60분,2022.07.24,
경기/인천,군포,시크릿도어,클로젯,공포,3,60분,2022.07.24,
경기/인천,수원,골든타임이스케이프 1호점,매화,역사,4,65분,2021.08.11,
경기/인천,수원,골든타임이스케이프 1호점,순백향,드라마,4,65분,2021.08.11,
경기/인천,수원,골든타임이스케이프 1호점,수곡리,추리 스릴러,3,60분,2021.11.21,
경기/인천,수원,골든타임이스케이프 1호점,3318,탈옥,3,50분,2021.12.07,
경기/인천,수원,골든타임이스케이프 2호점,그 날의 함성,드라마,3,75분,2024.05.04,
경기/인천,수원,루트이스케이프 수원점,트레져,어드벤처,3,60분,2022.08.26,
경기/인천,수원,루트이스케이프 수원점,나를 찾아줘,드라마,4,60분,2022.08.26,
경기/인천,수원,루트이스케이프 수원점,바디 스네처,공포,4,60분,2022.09.30,
경기/인천,수원,루트이스케이프 수원점,트랩,공포,3,60분,2022.12,
경기/인천,수원,룸즈에이 수원역점,띵가띵가,큐트/코믹,3,60분,2021.11.20,
경기/인천,수원,룸즈에이 수원역점,필활,역사/잠입,4,70분,2021.11.20,
경기/인천,수원,룸즈에이 수원역점,전지적 작가시점,스토리/로맨스,4,60분,2021.11.20,
경기/인천,수원,룸즈에이 수원역점,우당탕탕,큐트/으스스,4,60분,2021.12.02,
경기/인천,수원,룸즈에이 수원역 2호점,평화로운 에이마트,미션/활동성,4,70분,2022.05.26,
경기/인천,수원,룸즈에이 수원역 2호점,슬기로운 지구생활,미션/특수절도,4,70분,2022.05.26,
경기/인천,수원,룸즈에이 수원역 2호점,귀빈(손님대접),설화/괴담,4,60분,2022.07.07,
경기/인천,수원,룸즈에이 수원역 2호점,호텔 캘리포니아,스릴러/보물찾기,4,60분,2022.08.02,
경기/인천,수원,리멤버방탈출 수원점,벨: 사소한 사실들,동화,3,60분,2020.04.29,
경기/인천,수원,리멤버방탈출 수원점,호텔: 1408호,스릴러,4,60분,2020.04.29,
경기/인천,수원,리멤버방탈출 수원점,해리포터 맨드레이크의 비밀,판타지,2,60분,2020.04.29,
경기/인천,수원,리멤버방탈출 수원점,리멤버,공포,3,60분,2020.05,
경기/인천,수원,메타이스케이프,에버드림,환상동화,3,75분,2022.12.09,
경기/인천,수원,메타이스케이프,아케이드맨,아케이드 게임 페스티벌,4,70분,2022.12.09,
경기/인천,수원,메타이스케이프,무저갱: 사라진 사람들,미스터리 서스펜스,4,90분,2022.12.15,
경기/인천,수원,메타이스케이프,투제트,조력수사,3,60분,2023.02.07,
경기/인천,수원,방탈출넘버원,리포트,,4.5,60분,2017.11.15,
경기/인천,수원,방탈출넘버원,해적선,,4,60분,2017.07,
경기/인천,수원,방탈출넘버원,레시피,,3,60분,2017.04,
경기/인천,수원,방탈출넘버원,아더스,,4,60분,2017.03,
경기/인천,수원,방탈출넘버원,골드마인,,5,60분,2017.04,
경기/인천,수원,방탈출탐정,여고괴담,,5,60분,2016.04,
경기/인천,수원,방탈출탐정,사라진 피카소,,3,60분,2016.04,
경기/인천,수원,방탈출탐정,스토커,,3,60분,2016.04,
경기/인천,수원,방탈출탐정,크라임씬 화이트의 죽음,,5,60분,2017.05,
경기/인천,수원,상상의문 수원점,직박구리: 남친 탐구 생활,코믹,3,70분,2023.11.11,
경기/인천,수원,상상의문 수원점,복도끝,공포,4,75분,2023.11.16,
경기/인천,수원,상상의문 수원점,혼숨,미스터리/스릴러,3,70분,2023.12,
경기/인천,수원,상상의문 수원점,DKDK컴퍼니,판타지/코미디,4,80분,2023.12.31,
경기/인천,수원,상상의문 수원점,영안실,공포,4,80분,2024.02.10,
경기/인천,수원,상상의문 수원점,퍼펫쇼,미스터리,3,70분,2024.02.22,
경기/인천,수원,셜록홈즈 수원역점,1980 레트로 게임룸,아케이드,3,60분,2024.05.30,
경기/인천,수원,셜록홈즈 수원역점,발사까지 59분 59초,아케이드,3,60분,2024.05.30,
경기/인천,수원,셜록홈즈 수원역점,022,"아케이드,문제방",4,60분,2024.05.30,
경기/인천,수원,셜록홈즈 수원역점,유작,드라마,3,60분,2024.05.30,
경기/인천,수원,셜록홈즈 수원역점,세계날씨본부,코믹,3,60분,2024.06.05,
경기/인천,수원,셜록홈즈 수원역점,인형의 집,호러,3,60분,2024.07,
경기/인천,수원,셜록홈즈 수원역점,괴담수집가_김민지괴담,문제방,4,60분,2024.08.01,
경기/인천,수원,소우주 방탈출,풀 문,판타지,3,75분,2020.11.20,
경기/인천,수원,소우주 방탈출,도고,?,2,60분,2020.11.20,
경기/인천,수원,소우주 방탈출,마지막 유산,미스터리/스릴러,4,60분,2020.12.11,
경기/인천,수원,소우주 방탈출,영 포에버,코믹,4,70분,2021.02.04,
경기/인천,수원,소우주 방탈출,방과후 추리반 EP1.여고생 살인사건,추리,3,70분,2022.05.13,
경기/인천,수원,소우주 방탈출,방과후 추리반 EP2.여고생 실종사건,추리,4,70분,2022.06.26,
경기/인천,수원,소우주 방탈출,스핀오프,?,3,70분,2022.08.22,
경기/인천,수원,시그널헌터 광교중앙점,G. 갤러리,액션 하이스트,3,60분,2019.04.01,
경기/인천,수원,시그널헌터 광교중앙점,쥬라기 프로젝트,SF 어드벤처,4,60분,2019.09.16,
경기/인천,수원,시그널헌터 광교중앙점,서대문형무소,드라마/팩션,4,60분,2019.06.22,
경기/인천,수원,시그널헌터 광교중앙점,추적자,공포 스릴러,4,60분,2019.04.01,
경기/인천,수원,시그널헌터 광교중앙점,머미,액션 어드벤처,4,60분,2019.12.17,
경기/인천,수원,싸인이스케이프 성대역점,우울증,,3,60분,2016.10.24,
경기/인천,수원,싸인이스케이프 성대역점,각성,,4,60분,2016.11.12,
경기/인천,수원,싸인이스케이프 성대역점,인턴,,5,60분,2016.11,
경기/인천,수원,싸인이스케이프 성대역점,자멜신부의 비밀,,3,60분,2016.12.25,
경기/인천,수원,싸인이스케이프 성대역점,고시텔(3층),,5,60분,2016.12.03,
경기/인천,수원,싸인이스케이프 인계점,트라이 위저드,,3,60분,2018.01.04,
경기/인천,수원,싸인이스케이프 인계점,악은 어디에나 존재한다,,4,60분,2018.03.16,
경기/인천,수원,싸인이스케이프 인계점,신비의 베이커리,,4,60분,2018.05.15,
경기/인천,수원,싸인이스케이프 인계점,게이트:CCZ(EPISODE 1),약한공포/어드벤처,5,95분,2019.01.31,
경기/인천,수원,싸인이스케이프 인계점,NEW,,4,65분,2024.04.19,
경기/인천,수원,엑스케이프 수원점,기묘한 날개짓,추리/스릴러,3,60분,2017.11.30,
경기/인천,수원,엑스케이프 수원점,인지상점,잠입수사/드라마,4,70분,2023.11,
경기/인천,수원,엑스케이프 수원점,501동 사람들,드라마/서스펜스,4,70분,2019.06.01,
경기/인천,수원,엑스케이프 수원점,숨바꼭질,추리/스릴러,4,60분,2018.05.30,
경기/인천,수원,엑스케이프 수원점,제물의 밤,미스터리/판타지,3,60분,2017.05.27,
경기/인천,수원,이스케이프탑 수원점,마법사: 미로의 방,,3/10,60분,2018.02,
경기/인천,수원,이스케이프탑 수원점,쥬라기S: 바이러스,,5/10,60분,2018.02,
경기/인천,수원,이스케이프탑 수원점,더미러:싸이코패스,,10/10,60분,2018.02,
경기/인천,수원,이스케이프탑 수원점,프리즌: 수감번호 1508,,6/10,60분,2018.02,
경기/인천,수원,이스케이프탑 수원점,여고괴담,,4/10,60분,2018.02,
경기/인천,수원,이스케이프탑 수원점,젠틀맨: 요원의 자격,,2/10,60분,2018.02,
경기/인천,수원,이스케이프탑 수원점,미션: 폭탄제거,,2/10,60분,2018.02,
경기/인천,수원,이스케이프탑 수원점,해적:저주받은 캐리비호,,5/10,60분,2018.02,
경기/인천,화성,리버스이스케이프 향남점,놀부 살인사건,"추리, 미스터리",4,60분,2021.01.01,
경기/인천,화성,리버스이스케이프 향남점,화원 살인사건,"추리, 스릴러",3,60분,2022.11,
경기/인천,화성,리버스이스케이프 향남점,목소리,스릴러,3,60분,2022.11,
경기/인천,화성,마스터키프라임 동탄점,인스톨,SF 공상과학,4,60분,2021.01.08,
경기/인천,화성,마스터키프라임 동탄점,페이소스,드라마 스토리,4,60분,2021.01.08,
경기/인천,화성,마스터키프라임 동탄점,우가우가,판타지,3,60분,2021.02.10,
경기/인천,화성,마스터키프라임 동탄점,종이왕국,판타지,3,60분,2021.02.10,
경기/인천,화성,무비이스케이프 동탄북광장점,나홀로 집에,가족/액션,4/6,60분,2018.11,
경기/인천,화성,무비이스케이프 동탄북광장점,춘향전,동화,4/6,60분,2019.01,
경기/인천,화성,무비이스케이프 동탄북광장점,찰리와 초콜릿 공장,가족/판타지,5/6,60분,2019.12.29,
경기/인천,화성,무비이스케이프 동탄북광장점,몬스터하우스,추리/미스터리,4/6,60분,2021.06.21,
경기/인천,화성,무비이스케이프 동탄남광장점,코코,판타지,하버전 3 상버전 3.5,60분,2022.05.05,
경기/인천,화성,무비이스케이프 동탄남광장점,설국열차,,하버전 3.5 상버전 4,60분,2022.07.04,
경기/인천,화성,무비이스케이프 동탄남광장점,악마는 프라다를 입는다,코믹,하버전 3.5 상버전 4.5,60분,2023.01.17,
경기/인천,화성,무비이스케이프 동탄남광장점,잊지 못할 하루,드라마,하버전 4 상버전 5,60분,2023.10,
경기/인천,화성,셜록홈즈 동탄점,던전을 부탁해,판타지,4,60분,2020.02.15,
경기/인천,화성,셜록홈즈 동탄점,좀비여친,,3,60분,2020.02.15,
경기/인천,화성,셜록홈즈 동탄점,호텔: 사라진 다이아몬드,,4,60분,2020.02.15,
경기/인천,화성,셜록홈즈 동탄점,지옥의 배달부,판타지,3,60분,2020.02.15,
경기/인천,화성,셜록홈즈 동탄점,거짓말,감성,3,60분,2020.02.28,
경기/인천,화성,셜록홈즈 동탄점,귀신이 산다,공포체험,4,70분,2020.03.03,
경기/인천,화성,시그널헌터 동탄점,닥터 좀비,SF 스릴러,5,60분,2018.10.26,
경기/인천,화성,시그널헌터 동탄점,증발: 그 여자의 방,공포 스릴러,4,60분,2018.10.26,
경기/인천,화성,시그널헌터 동탄점,머미,판타지/어드벤처,3,60분,2018.10.26,
경기/인천,화성,시그널헌터 동탄점,엑스파일,SF 미스터리,5,60분,2018.12,
경기/인천,화성,시그널헌터 동탄점,인생극장,코믹 액션,4,60분,2020.03,
경기/인천,평택,루트이스케이프 평택점,나를 찾아줘,드라마,4,60분,2022.01.13,
경기/인천,평택,루트이스케이프 평택점,바디 스네처,공포,4,60분,2022.01.13,
경기/인천,평택,루트이스케이프 평택점,루2지,,3,60분,2022.04.04,
경기/인천,평택,루트이스케이프 평택점,트레저,어드벤처,3,60분,2022.06,
경기/인천,평택,플레이더월드 평택점,쌩얼,연애 드라마,3,60분,2020.04.01,
경기/인천,평택,플레이더월드 평택점,집으로,스릴러 추리,3,60분,2020.04.01,
경기/인천,평택,플레이더월드 평택점,MSI 미제사건전담반,추리 코믹 액션,4,60분,2020.04.01,
경기/인천,평택,플레이더월드 평택점,대탈출2,액션 어드벤처,4,60분,2020.04.01,
경기/인천,평택,플레이더월드 평택점,사귀,공포,4,60분,2020.05.07,
경기/인천,평택,플레이더월드 평택점,시간 전당포,드라마 추리,5,60분,2020.05.04,
경기/인천,평택,셜록홈즈 평택점,반 고흐의 방,,3,60분,2020.05.18,
경기/인천,평택,셜록홈즈 평택점,혼: 원혼의 저주,,4,60분,2020.05.18,
경기/인천,평택,셜록홈즈 평택점,도둑들,,4,60분,2020.05.18,
경기/인천,평택,셜록홈즈 평택점,미녀와 야수,,3,60분,2020.05.18,
경기/인천,평택,셜록홈즈 평택점,지옥의 배달부,판타지,3,60분,2020.05.18,
경기/인천,평택,ESC 평택점,수상한 병원,,6,60분,2016.06.25,
경기/인천,평택,ESC 평택점,The Last Gamble,,4,60분,2016.06.25,
경기/인천,평택,ESC 평택점,데드 넘버,,4,60분,2016.06.25,
경기/인천,평택,ESC 평택점,냥냥랜드,,3,60분,2022.10.01,
경기/인천,평택,ESC 평택점,헨젤과 그레텔,,3,60분,2016.06.25,
경기/인천,용인,셜록홈즈 용인동백점,디핵스,문제방,3,60분,2024.01.01,
경기/인천,용인,셜록홈즈 용인동백점,그레텔,스릴러,2,60분,2024.01.01,
경기/인천,용인,셜록홈즈 용인동백점,뮤직팩토리,"아케이드, 문제방",3,60분,2024.01.01,
경기/인천,용인,셜록홈즈 용인동백점,마녀시험,판타지,4,70분,2024.01.10,
경기/인천,용인,셜록홈즈 용인동백점,방탈출오락실,아케이드,3,75분,2024.02.08,
경기/인천,용인,셜록홈즈 용인동백점,돈에 돈돈,코믹,3,60분,2024.07.12,
경기/인천,용인,셜록홈즈 용인동백점,헨젤,스릴러,3,60분,2024.07.12,
경기/인천,용인,셜록홈즈 용인동백점,다우트,드라마,3,60분,2024.07.24,
경기/인천,용인,체셔캣 방탈출카페,이상한 나라의 초대,,3.5,60분,2018.09.13,
경기/인천,용인,체셔캣 방탈출카페,마법사의 세계,,3,60분,2017.12.23,
경기/인천,용인,체셔캣 방탈출카페,할머니는 마법사,,2,60분,2020.06.03,
경기/인천,용인,체셔캣 방탈출카페,빛과 그림자,,4,60분,2020.06.03,
경기/인천,성남,넥스트에디션 분당서현점,테마명을 뭐로 할지 못 정하겠어요ㅠㅠ,못정함,4,60분,2019.08.30,
경기/인천,성남,넥스트에디션 분당서현점,익명의 여자,드라마,2,60분,2019.08.30,
경기/인천,성남,넥스트에디션 분당서현점,몽중몽,오컬트,3,60분,2019.10.03,
경기/인천,성남,넥스트에디션 분당서현점,짠해,감성,3,60분,2019.10.03,
경기/인천,성남,넥스트에디션 분당서현점,너에게 가는 길,어드벤처,2,60분,2019.11.29,
경기/인천,성남,넥스트에디션 분당서현점,평범한 하루,미션,5,90분,2019.11.16,
경기/인천,성남,레전드이스케이프 서현점,후,추리,4,60분,2022.01.04,
경기/인천,성남,레전드이스케이프 서현점,제발 살아있으라,액션,2,60분,2022.01.04,
경기/인천,성남,레전드이스케이프 서현점,싸인,스릴러,5,70분,2022.01.04,
경기/인천,성남,레전드이스케이프 서현점,해프닝,공포,3,60분,2022.01.04(2023.01.04),
경기/인천,성남,레전드이스케이프 서현점,두근두근: 우리 사랑할래요?,로맨스,3,60분,2022.03.19,
경기/인천,성남,상상의문 분당서현점,히어 아이 엠,생존/탐험,3,70분,2022.08.02,
경기/인천,성남,상상의문 분당서현점,전당포 조필두,스릴러,2,60분,2022.08.02,
경기/인천,성남,상상의문 분당서현점,셔플월드,게임/판타지,3,70분,2022.09.10,
경기/인천,성남,상상의문 분당서현점,몽염: 도망칠 수 없는 꿈,공포,4,80분,2022.10.19,
경기/인천,성남,상상의문 분당서현점,역만,?,5,80분,2022.12.17,
경기/인천,성남,상상의문 분당서현점,시크릿 왕국의 스캔들 감독판,추리/잔혹동화,4,90분,2023.07.07,
경기/인천,성남,셜록홈즈 분당야탑점,빛과 그림자: 화이트의 죽음 2,드라마,3,60분,2018.12.21,
경기/인천,성남,셜록홈즈 분당야탑점,혼: 원혼의 저주,,4,60분,2018.12.21,
경기/인천,성남,셜록홈즈 분당야탑점,반 고흐의 방,,3,60분,2018.12.21,
경기/인천,성남,셜록홈즈 분당야탑점,무속인 살인사건,,4,60분,2018.12.21,
경기/인천,성남,셜록홈즈 분당야탑점,도둑들:문제도둑,,4,60분,2022.07.24,
경기/인천,성남,셜록홈즈 서현점,Molaq: 성 밖 이야기,판타지,3,60분,2022.10.29,
경기/인천,성남,셜록홈즈 서현점,Below: 성 안 이야기,판타지,4,60분,2022.10.29,
경기/인천,성남,셜록홈즈 서현점,대영어시대,코믹,3,60분,2022.10.29,
경기/인천,성남,셜록홈즈 서현점,디스트로이드,SF,3,70분,2023.01.06,
경기/인천,성남,씨이스케이프,오드바,,4,75분,2022.07.08,
경기/인천,성남,에피소드방탈출,럭키가이,,HARD,60분,2019.02,
경기/인천,성남,에피소드방탈출,소녀괴담,,NORMAL,60분,2018.12.29,
경기/인천,성남,에피소드방탈출,파파라치,,BASIC,60분,2018.12.29,
경기/인천,성남,에피소드방탈출,이레이저,,NORMAL,60분,2019.04,
경기/인천,성남,에피소드방탈출,데이드림,,EASY,60분,2019.03,
경기/인천,성남,제로월드 서현점,해리포터의 모험: 마법모자의 위기,모험/판타지,3,60분,2019.01.26,
경기/인천,성남,제로월드 서현점,피노키오 대탈출,모험/판타지,2,60분,2019.01.26,
경기/인천,성남,제로월드 서현점,검은집,공포/스릴러,3,60분,2019.02.05,
경기/인천,성남,제로월드 서현점,기억상실,추리/스릴러,4,60분,2019.03.19,
경기/인천,성남,제로월드 서현점,사계,감성,4,75분,2023.04.01,
경기/인천,성남,제로월드 서현점,홈어웨이,SF 미션,3,80분,2023.05.16,
경기/인천,성남,제로월드 서현점,폐쇄병동,공포,4,70분,2023.12.29,
경기/인천,이천,레전드이스케이프 이천점,마법사의 세계,,3,60분,2019.10.02,
경기/인천,이천,레전드이스케이프 이천점,혼: 원혼의 저주,공포,4,60분,2019.10.02,
경기/인천,이천,레전드이스케이프 이천점,미녀와 야수,,2,60분,2019.10.02,
경기/인천,이천,레전드이스케이프 이천점,호텔: 사라진 다이아몬드,,4,60분,2019.10.02,
경기/인천,이천,레전드이스케이프 이천점,반 고흐의 방,,3,60분,2019.10.02,
경기/인천,하남,셜록홈즈 미사점,요상한 저택의 비밀 다락방,판타지,3,60분,2023.12.05,
경기/인천,하남,셜록홈즈 미사점,다이스,판타지,4,60분,2023.12.05,
경기/인천,하남,셜록홈즈 미사점,셜록 곰즈,드라마,3,60분,2023.12.05,
경기/인천,하남,셜록홈즈 미사점,별별별 아카데미-별의 시험,"SF, 문제방",4,60분,2023.12.05,
경기/인천,구리,셜록홈즈 구리점,호텔: 사라진 다이아몬드,,4,60분,2018.07.04,
경기/인천,구리,셜록홈즈 구리점,무속인 살인사건,,4,60분,2019.03.30,
경기/인천,구리,셜록홈즈 구리점,미녀와 야수,,3,60분,2018.01,
경기/인천,구리,셜록홈즈 구리점,반 고흐의 방,,3,60분,2017.02.22,
경기/인천,구리,셜록홈즈 구리점,혼: 원혼의 저주,공포,4,60분,2017.09.14,
경기/인천,구리,두잇이스케이프 1호점,좀비 어택,공포,초중급,60분,2017.03,
경기/인천,구리,두잇이스케이프 1호점,추적자,스릴러,초급,60분,2017.03,
경기/인천,구리,두잇이스케이프 1호점,방탈소년단,,상급,60분,2020.10.14,
경기/인천,구리,두잇이스케이프 1호점,파라오의 비밀,모험,중급,60분,2017.04,
경기/인천,구리,두잇이스케이프 1호점,센스 앤 더 시티 사만다의 방,19금,상급,60분,2018.12.24,
경기/인천,구리,두잇이스케이프 2호점,비밀 갤러리 생일파티,,중급,60분,2018.07,
경기/인천,구리,두잇이스케이프 2호점,해커:The code breaker,,상급,60분,2018.01.27,
경기/인천,의정부,룸즈에이 의정부점,타임 키퍼,시간/판타지,4,60분,2020.06,
경기/인천,의정부,룸즈에이 의정부점,뽀득뽀득,큐트/목욕,4,60분,2020.05.01,
경기/인천,의정부,룸즈에이 의정부점,낭랑카페,힐링/판타지,3,60분,2020.05.01,
경기/인천,의정부,룸즈에이 의정부점,반짝반짝,잠입/탈취,4,60분,2020.05.01,
경기/인천,의정부,룸즈에이 의정부점,이상한 돈가스,큐트/코믹,4,60분,2020.05.01,
경기/인천,의정부,셜록홈즈 의정부점,빛과 그림자: 화이트의 죽음 2,스릴러 미스터리,3,60분,2018.12,2025.03.04 리뉴얼
경기/인천,의정부,셜록홈즈 의정부점,미녀와 야수,판타지,2,60분,2018.12,
경기/인천,의정부,셜록홈즈 의정부점,호텔:사라진 다이아몬드(의정부버전),잠입,4,60분,2018.12(2021.06.21),2025.03.4 리뉴얼
경기/인천,의정부,셜록홈즈 의정부점,강령술,미스터리,4,60분,2024.04.27,
경기/인천,의정부,셜록홈즈 의정부점,실종,공포,3,60분,2024.05.01,
경기/인천,의정부,액시트,냉동창고,,4,60분,2016.09.10(2020.12),
경기/인천,의정부,액시트,흉가,,5,60분,2016.09.10(2020.12),
경기/인천,의정부,액시트,감옥,,2,60분,2016.09.10,
경기/인천,의정부,액시트,폐쇄병동,,3,60분,2016.09.10,
경기/인천,의정부,트릭이스케이프,감옥탈출,탈출,3,60분,2016.04.07,
경기/인천,의정부,트릭이스케이프,뱀파이어의 저주,공포,4,60분,2016.04.07,
경기/인천,의정부,트릭이스케이프,미스테리 연구소,미스터리,5,60분,2016.05,
경기/인천,의정부,트릭이스케이프,호구와트,판타지,2,60분,2016.09,
경기/인천,의정부,트릭이스케이프,마피아,추격,4,60분,2017.07.17,
경기/인천,고양,더도어즈이스케이프,영웅을 찾아서,역사,3,60분,2017.04.10,
경기/인천,고양,더도어즈이스케이프,향수-공포삭제 ver.,,4,60분,2017.05(2018.09.2),
경기/인천,고양,더도어즈이스케이프,후 아 유,스릴러,3,60분,2017.04.10,
경기/인천,고양,더도어즈이스케이프,나홀로 집에,코믹,4,60분,2017.12.22,
경기/인천,고양,더도어즈이스케이프,위대하게 은밀하게,첩보,4,60분,2017.12.13,
경기/인천,고양,룸즈에이 일산라페스타점,행방불냥,고양이/큐트,3,60분,2018.05,
경기/인천,고양,룸즈에이 일산라페스타점,히어로 아카데미,히어로/아케이드,4,60분,2018.06.09,
경기/인천,고양,룸즈에이 일산라페스타점,안개꽃,감성/로맨스,4,60분,2018.05,
경기/인천,고양,룸즈에이 일산라페스타점,낭랑카페,힐링/판타지,4,60분,2018.05,
경기/인천,고양,룸즈에이 일산웨스턴돔점,반짝반짝,잠입/탈취,4,60분,2020.04.15,
경기/인천,고양,룸즈에이 일산웨스턴돔점,뽀득뽀득,큐트/목욕,4,60분,2020.04.15,
경기/인천,고양,룸즈에이 일산웨스턴돔점,시크릿 에이전트,잠입/수사,4,60분,2017.06.15,
경기/인천,고양,룸즈에이 일산웨스턴돔점,이상한 돈가스,큐트/코믹,4,60분,2020.04.21,
경기/인천,고양,룸즈에이 일산웨스턴돔점,타임 키퍼,시간/판타지,4,60분,2020.06.13,
경기/인천,고양,마스터키프라임 화정점,현월,드라마 퍼즐,4,60분,2019.06.03,
경기/인천,고양,마스터키프라임 화정점,헬프미,미스터리 감성,4,60분,2019.06.02,
경기/인천,고양,마스터키프라임 화정점,싸움의 기술:ZERO,액션 퍼즐,3,60분,2019.06.27,
경기/인천,고양,마스터키프라임 화정점,B지하철 13호선,공포,4,70분,2019.08.17,
경기/인천,고양,마스터키프라임 화정점,묘몽,드라마 감성,3,60분,2019.10.13,
경기/인천,고양,마스터키프라임 화정점,시간여행자,판타지 퍼즐,4,70분,2020.01.02,
경기/인천,고양,명란젓코난,마녀의 초대장,,4,60분,2019.03~04,
경기/인천,고양,명란젓코난,헨젤과 그레텔,,4.5,60분,2019.03~04,
경기/인천,고양,명란젓코난,공조,,4,60분,2019.12.06,
경기/인천,고양,명란젓코난,소원을 말해봐,,3.5,60분,2019.03~04,
경기/인천,고양,명란젓코난,생존자,,3,60분,2019.03~04,
경기/인천,고양,스토리메이커스,n(2023VER.),SF,4,180분,2022.05(2023.10.09),
경기/인천,고양,에베레스트이스케이프,에베레스트,SF,4,240분,2023.06.10,
경기/인천,고양,오늘탈출,첫 출근 이야기,?(감성테마 X),,240분,2019.11.19,2025년 12월 31일 종료
경기/인천,고양,큐방탈출카페 일산점,소녀의 꿈,,2,60분,2017.01.06,
경기/인천,고양,큐방탈출카페 일산점,밀정,,4,60분,2017.01.06,
경기/인천,고양,큐방탈출카페 일산점,군함도,,2,60분,2020.06.22,
경기/인천,고양,큐방탈출카페 일산점,사쿠라 하우스,,4,60분,2017.01.06,
경기/인천,고양,큐방탈출카페 일산점,백조의 호수,,3,60분,2017.01.06,
경기/인천,고양,큐방탈출카페 일산점,Z월드,,3,60분,2017.01.06,
경기/인천,고양,큐방탈출카페 일산점,서커스,,3,60분,2017.01.06,
경기/인천,고양,큐방탈출카페 일산점,꿈꾸는 다락방,,2,60분,2017.01.06,
경기/인천,고양,큐방탈출카페 일산점,프랑켄슈타인의 실험실,,2,60분,2017.01.06,
경기/인천,고양,큐방탈출카페 일산점,요코하마 차이나타운,,5,60분,2017.01.06,
경기/인천,고양,할리갈리인더룸 시즌2,감식반,스릴러 추리,3,40분,2022.07.16,
경기/인천,고양,할리갈리인더룸 시즌2,우물,공포,5,40분,2022.07.16,
경기/인천,고양,할리갈리인더룸 시즌2,정다운 밥상,드라마,5,40분,2022.07.16,
경기/인천,고양,할리갈리인더룸 시즌2,데스페라도,액션,3,40분,2022.07.16,
경기/인천,고양,할리갈리인더룸 시즌2,알리바이,추리,4,40분,2022.07.16,
경기/인천,고양,할리갈리인더룸 시즌2,학교 분신사바,공포,4,40분,2023.06.19,
경기/인천,김포,셜록홈즈 김포구래점,도둑들_경찰서를 털어라,잠입 문제방,4,60분,2024.08.31,
경기/인천,김포,셜록홈즈 김포구래점,셜록홈즈와 탈출의 방,튜토리얼 문제방,3,60분,2024.08.31,
경기/인천,김포,셜록홈즈 김포구래점,락인블랙_13번째 시간을 털어라,미션 문제방,3,60분,2024.08.31,
경기/인천,김포,셜록홈즈 김포구래점,살롱,공포,3,60분,2024.08.31,
경기/인천,김포,셜록홈즈 김포구래점,미스터케이스도서관,공포,3,60분,2024.08.31,
경기/인천,김포,제로월드 김포본점,해리포터의 모험 SE: 마법모자의 위기,모험/판타지,3,60분,2019.01.31(2023.12),
경기/인천,김포,제로월드 김포본점,검은사원,판타지/스릴러,4,75분,2019.03.29,
경기/인천,김포,제로월드 김포본점,피노키오 대탈출,모험/판타지,2,60분,2019.01.31,
경기/인천,김포,제로월드 김포본점,인형괴담,공포/미스터리,3,75분,2019.07.03,
경기/인천,김포,제로월드 김포본점,성역전설,모험/판타지,3,75분,2019.06.11,
경기/인천,김포,제로월드 김포본점,복희네 사진관 SE,공포/드라마/멜로,3,60분,2019.02.15(2023.12),
경기/인천,김포,제로월드 김포본점,어느 겨울밤,모험/판타지,3,60분,2019.12.19,
경기/인천,김포,제로월드 김포본점,탈옥:특별수용소,스릴러,4,75분,2020.02.16,
경기/인천,김포,제로월드 김포본점,제로호텔,스릴러,4,70분,2020.10.22,
경기/인천,김포,제로월드 김포본점,최면,미스터리/드라마,3.5,60분,2022.09.14,
경기/인천,부천,넥스트에디션 부천점,진시황,어드벤처(활동성 갑),3,60분,2018.06.28,
경기/인천,부천,넥스트에디션 부천점,집으로,스릴러,3,60분,2018.06.28,
경기/인천,부천,넥스트에디션 부천점,쌩얼,연애,3,60분,2018.06.28,
경기/인천,부천,넥스트에디션 부천점,주르륵주르륵,드라마,4,60분,2018.06.28,
경기/인천,부천,라비린스이스케이프,어사일럼,호러,5,60분,2025.01.18,
경기/인천,부천,라비린스이스케이프,포세이돈,SF,4,60분,2025.01.18,
경기/인천,부천,라비린스이스케이프,코어,SF,4,60분,2025.02.01,
경기/인천,부천,로스트템플 2,아라무무루,탐험 탐구,3,60분,2019.10,
경기/인천,부천,로스트템플 2,드라큘라 백작의 성,어둠 관찰,3,60분,2019.10,
경기/인천,부천,로스트템플 2,황룡동굴의 비밀,신비 환상,3,60분,2019.10,
경기/인천,부천,로스트템플 2,부두교의 저주,공포 스릴,4,60분,2019.10,
경기/인천,부천,로스트템플 2,파라오의 심판,응용 센스,3,60분,2019.10,
경기/인천,부천,방탈출 꿈소풍 부천점,몽환,"일상, 드라마",4,70분,2024.02.07,
경기/인천,부천,방탈출 꿈소풍 부천점,심곡: 자매 자살사건,"공포, 스릴러",3,70분,2024.03.06,
경기/인천,부천,방탈출 꿈소풍 부천점,라미: 두 개의 보물,어드벤처,3,70분,2024.04.02,
경기/인천,부천,방탈출 꿈소풍 부천점,홍주: 옥비녀의 비밀,추리,5,55분,2024.06.05,
경기/인천,부천,방탈출 꿈소풍 부천점,마이 올 킬,느와르,4,60분,2024.05,
경기/인천,부천,방탈출 꿈소풍 부천점,다마고치,?,3,60분,2024.08.05,
경기/인천,부천,버스티드,경성,,4,70분,2019.08.20,
경기/인천,부천,버스티드,탐정 B-브레인헌터의 진실,,5,80분,2021.07.30,
경기/인천,부천,버스티드,그림도 찾아주나요?,,3,60분,2022.08.27,
경기/인천,부천,버스티드,디 엔드,,3,60분,2022.08.27,
경기/인천,부천,버스티드,러브러브 퀴즈동아리,,5,90분,2024.04.17,
경기/인천,부천,셜록홈즈 부천점,프로젝트: 노아,SF 드라마,4,60분,2019.03,
경기/인천,부천,셜록홈즈 부천점,사각사각,,3,60분,2019.03,
경기/인천,부천,셜록홈즈 부천점,지옥의 배달부,판타지,3,60분,2019.12,
경기/인천,부천,셜록홈즈 부천점,호텔: 사라진 다이아몬드,,4,60분,2019.03,
경기/인천,부천,셜록홈즈 부천점,빈 집,스릴러,3,60분,2023.07.20,
경기/인천,부천,이스케이프나인,잠입 명령,잠입,3,60분,2016.09.30,예약불능
경기/인천,부천,이스케이프나인,고대던전의 비밀,어드벤처,4,60분,2018.12,예약불능
경기/인천,부천,이스케이프나인,악령술,공포,5,60분,2020.10.26,예약불능
경기/인천,부천,이스케이프나인,숨겨진 흔적,잠입,4,60분,2020.03,예약불능
경기/인천,부천,이스케이프나인,드림,?,4,85분,2024.08.07,예약불능
경기/인천,부천,이스케이프시티 부천신중동점,부자가 될 상인가,역사/모험,5,70분,2021.06.25,
경기/인천,부천,이스케이프시티 부천신중동점,바람 바람 바람,로맨스/코미디,4,60분,2021.06.25,
경기/인천,부천,이스케이프시티 부천신중동점,추억의 전당포,드라마,4,60분,2021.06.30,
경기/인천,부천,이스케이프시티 부천신중동점,원한,"공포,스릴러",3,60분,2021.07.05,
경기/인천,부천,코드네임,첫번째 임무,첩보,4,70분,2021.10.17,
경기/인천,인천,둠이스케이프 1호점,기담정,감성,4,70분,2018.12.19,
경기/인천,인천,둠이스케이프 1호점,렌더링,"추리,판타지",5,65분,2021.09.04,
경기/인천,인천,둠이스케이프 1호점,인앤아웃,판타지,4,65분,2022.01.13,
경기/인천,인천,둠이스케이프 2호점,디스토피아,공포,5,70분,2019.10.29,
경기/인천,인천,둠이스케이프 2호점,죄,"추리,추격",4,70분,2020.12.21,
경기/인천,인천,둠이스케이프 2호점,운명,"추리,멜로",4,70분,2020.01.22,
경기/인천,인천,둠이스케이프 2호점,인바이트,?,4,70분,2021.04.03,
경기/인천,인천,둠이스케이프 DTH점,슬래셔,공포,5,100분,2023.03.14,
경기/인천,인천,둠이스케이프 DTH점,트리거,탈출,3,65분,2024.02.19,
경기/인천,인천,둠이스케이프 DTH점,언리얼,잠입,4,80분+@,2024.04.25,
경기/인천,인천,둠이스케이프 DTH점,스네어,스릴러,3,65분,2024.11.26,
경기/인천,인천,룸즈에이 부평점,놈즈: 더 비기닝,수사,4,80분,2024.05.29,
경기/인천,인천,룸즈에이 부평점,아이언 게이트 프리즌,탈옥,4,75분,2024.05.29,
경기/인천,인천,룸즈에이 부평점,미스틱 클럽,미스터리/오컬트,4,75분,2024.08.24,
경기/인천,인천,룸즈에이 부평점,더 라스트 댄스,미션,4,80분,2024.09.13,
경기/인천,인천,리멤버방탈출 부평점,미녀와 야수,동화,3,60분,2021.09.11,
경기/인천,인천,리멤버방탈출 부평점,호텔: 기억조각,스릴러,4,60분,2021.09.11,
경기/인천,인천,리멤버방탈출 부평점,옥탑방 신사,감성,4,60분,2021.10.02,
경기/인천,인천,리멤버방탈출 부평점,해리포터와 마법사의 돌 1,판타지,3,60분,2021.11.15,
경기/인천,인천,리멤버방탈출 부평점,해리포터와 마법사의 돌 2,판타지,3,60분,2021.12.27,
경기/인천,인천,리멤버방탈출 부평점,REDEVIL,공포,3,60분,2022.01.11,
경기/인천,인천,리즌방탈출,반 고흐의 방,,2.5,60분,2017.04,
경기/인천,인천,리즌방탈출,전기톱 살인사건,,3.5,60분,2017.04,
경기/인천,인천,리즌방탈출,위험한 레시피,,3,60분,2017.04,
경기/인천,인천,리즌방탈출,크라임씬,,4,60분,2017.04,
경기/인천,인천,방탈출고,미녀와 야수,동화,3,60분,2017.07.28,
경기/인천,인천,방탈출고,저주받은 집-아일,스릴러,4,60분,2022.09.02,
경기/인천,인천,방탈출고,도둑들,잠입,4,60분,2017.07.28,
경기/인천,인천,방탈출고,암살,잠입,3,60분,2017.07.28,
경기/인천,인천,방탈출고,팬시,판타지,4,75분,2023.04.24,
경기/인천,인천,방탈출고,악귀가 되어 도닐다,스릴러,3,60분,2024.02.11,
경기/인천,인천,상상의문 부평점,쇼쿠진,공포,3,70분,2024.10.05,
경기/인천,인천,상상의문 부평점,420번지,스릴러,3,70분,2024.10.26,
경기/인천,인천,상상의문 부평점,흑신소,판타지/코미디,3,70분,2024.12.07,
경기/인천,인천,상상의문 부평점,행복목욕탕,드라마/판타지,3,80분,2025.01.07,
경기/인천,인천,서울이스케이프룸 부평점,404호 살인사건,범죄 추리물,4,60분,2016.08.03,
경기/인천,인천,서울이스케이프룸 부평점,유러피안 스파이,스파이 첩보물,4,60분,2016.08.03,
경기/인천,인천,서울이스케이프룸 부평점,회장님의 서재,관찰력,3,60분,2016.08.03,
경기/인천,인천,서울이스케이프룸 부평점,죽음을 부르는 재즈바,,5,60분,2016.08.03,
경기/인천,인천,서울이스케이프룸 부평점,알카트라즈 지하감옥,액션 어드벤처,5,60분,2016.08.03,
경기/인천,인천,셜록홈즈 구월인천점,파란지붕집,호러,3,60분,2019.08.28,
경기/인천,인천,셜록홈즈 구월인천점,던전을 부탁해,판타지,4,60분,2019.08.28,
경기/인천,인천,셜록홈즈 구월인천점,좀비여친,판타지,3,60분,2019.08.28,
경기/인천,인천,셜록홈즈 구월인천점,사라민,역사,4,60분,2019.08.28,
경기/인천,인천,셜록홈즈 구월인천점,지옥의 라이더,판타지,4,60분,2019.08.28,
경기/인천,인천,셜록홈즈 구월인천점,호텔: 사라진 다이아몬드,,2,60분,2019.08.28,
경기/인천,인천,셜록홈즈 부평점,수상한 형제들,,3,60분,2017.07.08,
경기/인천,인천,셜록홈즈 부평점,이상한 나라의 초대,,3,60분,2017.07.08,
경기/인천,인천,셜록홈즈 부평점,지하감옥,,3,60분,2017.07.08,
경기/인천,인천,셜록홈즈 부평점,혼: 원혼의 저주,,4,60분,2017.07.08,
경기/인천,인천,셜록홈즈 부평점,나쁜놈 나쁜놈 나쁜놈,어드벤처,4,60분,2019.09.12,
경기/인천,인천,셜록홈즈 부평점,펜타킬,스릴러,3,70분,2023.03.16,
경기/인천,인천,셜록홈즈 부평2호점,데스게임:벼랑 끝에 선 자들,스릴러,3,50분,2024.07.05,
경기/인천,인천,셜록홈즈 부평2호점,꿈사탕,"감성,판타지",3,60분,2024.07.05,
경기/인천,인천,셜록홈즈 부평2호점,스탕달 신드롬,공포,3,70분,2024.07.05,
경기/인천,인천,셜록홈즈 부평2호점,프로젝트 루나,"감성, 동화",2,60분,2024.07.05,
경기/인천,인천,셜록홈즈 부평2호점,YES! 예스트코,아케이드,3,50분,2024.07.05,
경기/인천,인천,셜록홈즈 부평2호점,리피트,드라마,4,65분,2024.07.14,
경기/인천,인천,어메이즈드 부평2호점,이탈리안 잡,,3.5,60분,2018.11.07,
경기/인천,인천,어메이즈드 부평2호점,REC,,4.5,60분,2019.11.17,
경기/인천,인천,어메이즈드 부평2호점,하시마,,4.5,60분,2021.01.23,
경기/인천,인천,어메이즈드 부평3호점,SHIFT: 고쿄의 하루,,,100분,2023.11.14,
경기/인천,인천,코드케이 구월점,납치,공포,4,60분,2017.07.25,
경기/인천,인천,코드케이 구월점,감옥탈출,액션,4,60분,2017.07.25,
경기/인천,인천,코드케이 구월점,좀비 90일 후,공포,4,60분,2017.07.25,
경기/인천,인천,코드케이 구월점,미스터리 거울의 방,공포,5,60분,2017.07.25,
경기/인천,인천,코드케이 구월점,충무공 이순신,액션,4,60분,2017.07.25,
경기/인천,인천,콜드케이스 2호점,악몽,공포,3,60분,2019.09.10,
경기/인천,인천,콜드케이스 2호점,인하로 77번길,납치,3,60분,2019.09.10,
경기/인천,인천,콜드케이스 2호점,알카트라즈,감옥,4,60분,2020.07.18,
경기/인천,인천,콜드케이스 2호점,바티칸,미스터리,4,60분,2021.07,
경기/인천,인천,콜드케이스 2호점,피라미드의 비밀,어드벤처,2,60분,2023.10,
경기/인천,인천,큐브이스케이프 인천구월점,타이타닉,어드벤처,5,60분,2016.04.08,
경기/인천,인천,큐브이스케이프 인천구월점,타워링,스릴러,4,60분,2016.04.08,
경기/인천,인천,큐브이스케이프 인천구월점,집착,추리/스릴러,4,60분,2016.04.08,
경기/인천,인천,큐브이스케이프 인천구월점,장기밀매,호러/19금,5,60분,2016.04.08,
경기/인천,인천,큐브이스케이프 인천구월점,신데렐라,동화/어드벤처,4,60분,2016.04.08,
경기/인천,인천,플레이더월드 부평점,노 웨이 아웃,스릴러,4,60분,2023.08.14,
경기/인천,인천,플레이더월드 부평점,세이브 더 월드,"게임, 어드벤처",3,60분,2023.08.14,
경기/인천,인천,플레이더월드 부평점,호스피스,공포,4,70분,2023.09.24,
경기/인천,인천,플레이더월드 부평점,별점테러 짜장나요,"코믹,추리",3,60분,2023.09.25,
경기/인천,인천,플레이더월드 부평점,구해줘 햄즈,"잠입, 코믹",3,60분,2024.02.06,
충청,당진,코드나인,할머니는 마법사,,3,60분,2019.11.01(2021.02),
충청,당진,코드나인,도둑들-문제도둑,,4,60분,2019.11.01,
충청,당진,코드나인,미녀와 야수,,3,60분,2019.11.01,
충청,당진,코드나인,프로젝트: 노아,,4,60분,2019.11.01,
충청,아산,셜록홈즈 아산점,노 룸,퍼즐,3,60분,2022.07.17,
충청,아산,셜록홈즈 아산점,악마를 보았다,스릴러,4,60분,2022.07.17,
충청,아산,셜록홈즈 아산점,대마법사 오셀로,,3,60분,2022.07.17,
충청,아산,셜록홈즈 아산점,말못해,,4,60분,2022.07.24,
충청,아산,셜록홈즈 아산점,귀로여관,"공포,드라마",4,70분,2022.07.29,
충청,천안,리멤버방탈출 천안점,기억을 먹어치우는 책,감성,3,60분,2022.09.27,
충청,천안,리멤버방탈출 천안점,미네타닉: 사건의 진실,추리,3.5,60분,2022.09.27,
충청,천안,리멤버방탈출 천안점,회무: 회색 안개의 끝,미스터리,2,60분,2022.09.27,
충청,천안,리멤버방탈출 천안점,형량,추리,3,80분,2022.11,
충청,천안,리멤버방탈출 천안점,삼원색,미스터리,4,60분,2022.11,
충청,천안,리멤버방탈출 천안점,마음친구,감성,3,60분,2022.11,
충청,천안,셜록홈즈 천안1호점,마법사의 세계,판타지,3,60분,2017.05,
충청,천안,셜록홈즈 천안1호점,호텔: 사라진 다이아몬드,"스릴러,드라마",3,60분,2018.07.04,
충청,천안,셜록홈즈 천안1호점,이상한 나라의 초대,판타지,3,60분,2017.05,
충청,천안,셜록홈즈 천안1호점,무속인 살인사건,공포,3,60분,2019.01,
충청,천안,셜록홈즈 천안1호점,찰리와 늠름한(?) 바나나 공장,"19금,코믹",4,60분,2020.06.20,
충청,천안,셜록홈즈 천안2호점,미즈몰리아와 수수께끼의 책,판타지,3,65분,2019.09.11,
충청,천안,셜록홈즈 천안2호점,TIED,드라마,3,60분,2019.09.11,
충청,천안,셜록홈즈 천안2호점,인생은 실전이다 종만아,스릴러,3,60분,2019.11.09,
충청,천안,셜록홈즈 천안2호점,던전: 비밀의 문,판타지,4,60분,2020.01.24,
충청,천안,ESC 천안점,사라진 카지노,,4,60분,2017.07~09,
충청,천안,ESC 천안점,프로젝트 z 2,,5,60분,2016.04.02,
충청,천안,ESC 천안점,헨젤과 그레텔,,3,60분,2016.04.02,
충청,천안,ESC 천안점,이스케이프 플랜 2,,5,60분,2016.04.02,
충청,천안,ESC 천안점,The Last Gamble 2,,4,60분,2016.04.02,
충청,천안,테라스페이스,한 탕,문제방,4,60분,2024.11.27,
충청,천안,테라스페이스,이세계 선술집,판타지,3,60분,2024.11.27,
충청,천안,테라스페이스,오버클럭,스팀펑크,4,60분,2024.11.27,
충청,천안,테라스페이스,아트갤러리,판타지 감성,4,60분,2024.12,
충청,천안,플레이포인트랩 천안두정점,경찰서를 털어라,코믹 어드벤처,3,60분,2017.08.19,
충청,천안,플레이포인트랩 천안두정점,카마수트라,성인,3,60분,2017.08.19,
충청,천안,플레이포인트랩 천안두정점,13고스트,공포,4,60분,2017.08.19,
충청,천안,플레이포인트랩 천안두정점,스카이넷,SF 퍼즐,5,60분,2017.08.30,
충청,천안,플레이포인트랩 천안두정점,화이트룸-클래식,퍼즐 추리,5,60분,2017.11,
충청,천안,플레이포인트랩 천안두정점,시크릿 가든,감성,4,60분,2017.11.11,
충청,천안,플레이포인트랩 천안프리미엄점,라퓨타,판타지 어드벤처,4,70분,2019.06.14,
충청,천안,플레이포인트랩 천안프리미엄점,하루살이,판타지/감성,5,70분,2019.06.05,
충청,천안,플레이포인트랩 천안프리미엄점,코드명:MK,액션 어드벤처,4,70분,2018.11.13,
충청,천안,플레이포인트랩 천안프리미엄점,트러브메이커,코믹 액션,3,60분,2018.11.13,
충청,천안,플레이포인트랩 천안프리미엄점,패럿가이,미스터리 추리,3,60분,2019.06.05,
충청,천안,플레이포인트랩 천안프리미엄점,터널,재난 어드벤처,3,70분,2018.12.04,
충청,대전,고스트키,내 부인이 사라졌어요,코믹,3,60분,2017.04,
충청,대전,고스트키,학교,,4,60분,2017.04,
충청,대전,고스트키,그 살인자의 집,공포,4,60분,2017.04,
충청,대전,고스트키,드라큘라 백작의 성,공포,3,60분,2017.04,
충청,대전,더큐이스케이프 대전점,로스트 원더랜드,공포,3,60분,2018.06.30,
충청,대전,더큐이스케이프 대전점,스페이스 워페어,공포,3,60분,2018.06.30,
충청,대전,더큐이스케이프 대전점,테러 인 더 스카이,,4,60분,2018.06.30,
충청,대전,더큐이스케이프 대전점,섹시 라푼젤,,3,60분,2016.08.13,
충청,대전,더큐이스케이프 대전점,셜록홈즈의 성배탐색,,5,60분,2016.08.13,
충청,대전,도어이스케이프 NC대전유성점,나는 아직도 배고프G,코믹,3,20분,2022.08.31,
충청,대전,도어이스케이프 NC대전유성점,서커스: THE CLEANING MAN,공포,3,60분,2022.08.31,
충청,대전,도어이스케이프 NC대전유성점,산타의 민족,감성,3.5,60분,2022.09.23,
충청,대전,도어이스케이프 NC대전유성점,도어항공 41C,탈출,3,40분,2022.10.09,
충청,대전,도어이스케이프 NC대전유성점,굿나잇,감성 추리,4,60분,2022.09.23,
충청,대전,도어이스케이프 NC대전유성점,WOULD YOU FIND ME?,코믹,4.5,60분,2022.12.30,
충청,대전,룸즈에이 대전둔산점,뜻밖의 여행,여행,4,60분,2019.05.05,
충청,대전,룸즈에이 대전둔산점,신의 여인들,스토리,4,60분,2019.05.05,
충청,대전,룸즈에이 대전둔산점,시크릿 에이전트,잠입/수사,4,60분,2019.05.05,
충청,대전,룸즈에이 대전둔산점,귀빈(손님대접),설화/괴담,4,60분,2023.03,
충청,대전,룸즈에이 대전둔산점,7 DAYS,미션/실험지원,4,60분,2023.03,
충청,대전,룸즈에이 대전둔산점,THINKABLE,미션/문제해결,3.5,40분,2023.03,
충청,대전,룸즈에이 대전은행점,히어로 아카데미,히어로/아케이드,4,60분,2018.06.02,
충청,대전,룸즈에이 대전은행점,낭랑카페,힐링/판타지,3,60분,2018.05.04,
충청,대전,룸즈에이 대전은행점,기억술사,판타지/감성,4,60분,2018.05.04,
충청,대전,룸즈에이 대전은행점,안개꽃,감성/로맨스,4,60분,2018.05.04,
충청,대전,마스터키 궁동점,블랙룸,미스터리 퍼즐,6,60분,2019.09.18,
충청,대전,마스터키 궁동점,화이트룸,퍼즐 추리,5,60분,2016.12.16,
충청,대전,마스터키 궁동점,재심,추리,3,60분,2019.09.18,
충청,대전,마스터키 궁동점,MSI 미제사건 전담반,추리 코믹 액션,3,60분,2019.09.18,
충청,대전,마스터키 궁동점,MK빌딩을 털어라:45C6,조작 액션,4,60분,2019.09.18,
충청,대전,마스터키 은행점,대탈출 2,액션 어드벤처,4,60분,2019.08,
충청,대전,마스터키 은행점,편지,드라마 감성,3,60분,2019.06.09,
충청,대전,마스터키 은행점,1990,"추리,잠입",4,60분,2019.06,
충청,대전,마스터키 은행점,REC,공포,4,60분,2019.09,
충청,대전,마스터키 은행점,그레이트 월,어드벤처 퍼즐,3,60분,2019.10.24,
충청,대전,방탈출 추리존,스토커,,4,60분,2016.12.01,
충청,대전,방탈출 추리존,할머니는 마법사,,3,60분,2019.01.22,
충청,대전,방탈출 추리존,전기톱 살인사건,,3,60분,2016.12.01,
충청,대전,방탈출 추리존,위험한 레시피,,4,60분,2016.12.01,
충청,대전,방탈출 추리존,미대교수의 비밀,,2,60분,2016.12.01,
충청,대전,브레인게임존,러브 포션 넘버 9,로맨틱 코미디,,69분,2023.03.20,
충청,대전,셜록홈즈 대전신세계백화점,지프리트의 심장,판타지,3,60분,2021.08.25,
충청,대전,셜록홈즈 대전신세계백화점,죽음의 신,,5,60분,2021.08.25,
충청,대전,셜록홈즈 대전신세계백화점,세번째 밤,스릴러,4,60분,2021.08.25,
충청,대전,셜록홈즈 대전신세계백화점,언더월드,판타지,4,60분,2021.08.25,
충청,대전,셜록홈즈 대전신세계백화점,무한의 던전,탈출,2,20분,2021.09.10,
충청,대전,셜록홈즈 대전신세계백화점,피플 인사이드,협동,2,40분,2021.10.01,
충청,대전,셜록홈즈 대전은행점,어느날 알바를 마치고...,감성,3,60분,2024.12.17,
충청,대전,셜록홈즈 대전은행점,리버스 1부-결과,스릴러,3,60분,2024.12.25,
충청,대전,셜록홈즈 대전은행점,리버스 2부-되감기,공포,3,60분,2024.12.25,
충청,대전,이스케이프탑 대전점,해리포터: 미로의 방,판타지/모험/액션,4/10,60분,2020.06,
충청,대전,이스케이프탑 대전점,캐리비안의 해적: 저주받은 해적선,드라마/추리,6/10,60분,2020.06,
충청,대전,이스케이프탑 대전점,여고괴담:과학실 살인사건,공포/스릴러/호러/추리,8/10,70분,2020.06,
충청,대전,이스케이프탑 대전점,킹스맨: 요원의 자격,추리/반전/드라마,9/10,60분,2020.06,
충청,대전,이스케이프탑 대전점,프리즌 브레이크: 1508,스릴러/탈출/드라마/액션,6/10,60분,2020.06,
충청,대전,이스케이프탑 대전점,미션임파서블: 비밀 임무,활동성/추리/액션,5/10,60분,2020.06,
충청,대전,ESC 대전둔산점,수상한 병원,,5,60분,2016.03.18,
충청,대전,ESC 대전둔산점,데드 넘버,,4,60분,2016.03.05,
충청,대전,ESC 대전둔산점,투란의 독방,,5,60분,2016.12.18,
충청,대전,ESC 대전둔산점,스페이드 클럽,,4,60분,2016.12.18,
충청,대전,ESC 대전둔산점,헨젤과 그레텔,,3,60분,2016.03.05,
충청,대전,ESC 대전둔산점,트랩 트레인,,6,60분,2016.03.26,
충청,대전,큐브이스케이프 대전둔산점,장기밀매,호러/19금,5,60분,2016.06.29,
충청,대전,큐브이스케이프 대전둔산점,집착,추리/스릴러,4,60분,2016.06.29,
충청,대전,큐브이스케이프 대전둔산점,신데렐라,동화/어드벤처,4,60분,2016.06.29,
충청,대전,큐브이스케이프 대전둔산점,마션,추리/어드벤처,5,60분,2016.06.29,
충청,대전,큐브이스케이프 대전둔산점,카타콤,추리/스릴러,5,60분,2016.06.29,
충청,대전,큐브이스케이프 대전둔산점,타이타닉,어드벤처,4,60분,2016.06.29,
충청,대전,플레이더월드 대전은행점,당근이세용?,,3,60분,2025.01,
충청,대전,플레이더월드 대전은행점,방탈go,,3+@,30분,2025.01,
충청,청주,다락방방탈출카페 청주점,야수의 성(벨 이야기),동화,3,60분,2019.12.26,
충청,청주,다락방방탈출카페 청주점,환생병원 CODE_R,공포,3,60분,2019.12.26,
충청,청주,다락방방탈출카페 청주점,해리포터와 마법학교,판타지,3,60분,2019.12.26,
충청,청주,다락방방탈출카페 청주점,호텔 기억조각,스릴러,4,60분,2019.12.26,
충청,청주,루팡방탈출카페 본점,눅눅괴물과 지구용사,,3,60분,2019.04,
충청,청주,루팡방탈출카페 본점,프리즌 서커스,,3,60분,2019.04,
충청,청주,루팡방탈출카페 본점,이중간첩 리철준,,4,60분,2019.04,
충청,청주,루팡방탈출카페 본점,기억 조작소,,4,60분,2019.04,
충청,청주,루팡방탈출카페 본점,"화투, 보이지 않는 손",,5,60분,2019.04,
충청,청주,루팡방탈출카페 본점,아기돼지 삼형제,,3,60분,2019.04,
충청,청주,루팡방탈출카페 1호점,루팡,,4,60분,2019.07,
충청,청주,루팡방탈출카페 1호점,방탈출의 신,,4,60분,2019.07,
충청,청주,루팡방탈출카페 1호점,퇴사(도비는 자유예요),,5,60분,2019.07,
충청,청주,루팡방탈출카페 1호점,엘리베이터(귀신놀음),,3,60분,2019.07,
충청,청주,루팡방탈출카페 1호점,슬기로운 깜빵생활,,3,60분,2019.07,
충청,청주,마스터키프라임 청주점,샵보이스,코믹,4,60분,2019.08.10,
충청,청주,마스터키프라임 청주점,자수성가,코믹 퍼즐,3,60분,2019.08.10,
충청,청주,마스터키프라임 청주점,방과후 13교시,공포,3,60분,2019.08.27,
충청,청주,마스터키프라임 청주점,환생시험,판타지 추리,3,60분,2019.08.28,
충청,청주,마스터키프라임 청주점,이상한 나라,판타지/미션,5,60분,2019.11.04,
충청,청주,셜록홈즈 청주점,반 고흐의 방,,3,60분,2019.07,
충청,청주,셜록홈즈 청주점,무속인 살인사건,,4,60분,2019.07,
충청,청주,셜록홈즈 청주점,빛과 그림자:화이트의 죽음 2,드라마,3,60분,2019.07,
충청,청주,셜록홈즈 청주점,도둑들,,4,60분,2019.07,
충청,청주,셜록홈즈 청주점,크라임씬,,3,60분,2019.07,
강원,춘천,더코드 춘천점,세기의 명화를 훔치는 도둑들,,4,60분,2016.10.,
강원,춘천,더코드 춘천점,의문의 동창회,,4,60분,2016.10.,
강원,춘천,더코드 춘천점,다시 시작된 살인사건,,5,60분,2016.10,
강원,춘천,더코드 춘천점,냉동창고: 살인사건 #2,,2,60분,2016.10,
강원,춘천,이스케이프존,산타의 실수,,3,60분,2016.11.17,
강원,춘천,이스케이프존,프리즈너스,탈출/잠입,4,60분,2017.12.23,
강원,춘천,이스케이프존,제이콥,문제방,5,60분,2019.06.05,
강원,춘천,이스케이프존,바라보다,감성,4,60분,2021.04.23,
강원,춘천,이스케이프존,방민정음,넌센스 문제방,3.5,60분,2021.04.25,
강원,춘천,인스테이지 방탈출카페,감자의 꿈,동화,4,75분,2023.05,
강원,원주,셜록홈즈 원주점,레드 앤 화이트,드라마,3,60분,2023.09.25,
강원,원주,셜록홈즈 원주점,홍연,사극,3,60분,2023.09.25,
강원,원주,셜록홈즈 원주점,시간관리국,SF,4,60분,2023.09.25,
강원,원주,셜록홈즈 원주점,경성,사극,4,60분,2023.11.17,
강원,원주,셜록홈즈 원주점,추적,드라마,3,60분,2023.12.30,
강원,원주,플레이이스케이프,러브스토리,,4,60분,2020.03,
강원,원주,플레이이스케이프,귀곡산장,,3,60분,2016.05.25,
강원,원주,플레이이스케이프,검은 그림자,,3,60분,2016.05.25,
강원,원주,플레이이스케이프,폐쇄병동,,4,60분,2016.05.25,
강원,원주,플레이이스케이프,007 다이아몬드,,3,60분,2016.05.25,
강원,원주,플레이이스케이프,금잔화,,4(하드모드 5),60분,2020.07.19,
강원,강릉,강릉방탈출카페,이상한 나라의 초대,,4,60분,2017.12,
강원,강릉,강릉방탈출카페,도둑들,,3,60분,2017.12,
강원,강릉,강릉방탈출카페,암살,,3,60분,2019.10.01,
강원,강릉,강릉방탈출카페,무속인 살인사건,,4,60분,2019.10.01,
강원,정선,야생화마을 추리본부,광부의 딸 아리,모험,2,60분,2022.05,
강원,정선,야생화마을 추리본부,엄마는 우주인,판타지,3,60분,2022.05,
강원,정선,야생화마을 추리본부,베이커가의 유령,범죄,3,60분,2022.05,
경상,대구,룸즈에이 대구동성로점,취중진담,감성/스토리,4,60분,2019.12.22,
경상,대구,룸즈에이 대구동성로점,노블리스트,스토리/스릴러,4,70분,2019.12.12,
경상,대구,룸즈에이 대구동성로점,뽀득뽀득,큐트/목욕,4,60분,2019.12.12,
경상,대구,룸즈에이 대구동성로점,반짝반짝,잠입/탈취,4,60분,2020.02.19,
경상,대구,룸즈에이 대구동성로점,아이돌 남친,로맨스/스릴러,4,60분,2020.02.08,
경상,대구,룸즈에이 대구동성로 2호점,띵가띵가,큐트/코믹,3,60분,2020.10.27,
경상,대구,룸즈에이 대구동성로 2호점,아이덴티티,첩보/코믹,4,70분,2020.10.27,
경상,대구,룸즈에이 대구동성로 2호점,그레이스 호텔,공포/스릴러,4,70분,2020.11.22,
경상,대구,룸즈에이 대구동성로 2호점,커밍순,스토리,4,60분,2021.02.12,
경상,대구,룸즈에이 대구동성로 2호점,여우골,설화/괴담,4,60분,2021.02.12,
경상,대구,룸즈에이 대구동성로 2호점,금 나와라 뚝딱,사극/잠입,4,120분,2023.09.20,
경상,대구,룸즈에이 동성로아카데미점,우당탕탕,큐트/으스스,4,60분,2022.04.06,
경상,대구,룸즈에이 동성로아카데미점,필활,역사/잠입,4,70분,2022.04.06,
경상,대구,룸즈에이 동성로아카데미점,평화로운 에이마트,미션/활동성,4,70분,2022.04.06,
경상,대구,룸즈에이 동성로아카데미점,명부에 점을 찍으라,천만영화/시사회,4,70분,2022.06.14,
경상,대구,룸즈에이 동성로아카데미점,슬기로운 지구생활,미션/특수절도,4,70분,2022.06,
경상,대구,머더파커 대구1호점,PC방 가는길,,상,70분,2019.04.26,
경상,대구,머더파커 대구1호점,괴짜중딩 사차원,미스터리,중상,60분,2019.04.26,
경상,대구,머더파커 대구1호점,백,,중하,60분,2019.04.26,
경상,대구,머더파커 대구1호점,파커 VS 파커,스릴러,중상,70분,2019.04.26,
경상,대구,머더파커 대구1호점,8585세탁소,드라마 슬픔 병맛,하,60분,2019.04.26,
경상,대구,머더파커 대구2호점,타겟,,상,70분,2021.02.08,
경상,대구,머더파커 대구2호점,사건의 재구성,,중하,70분,2021.02.08,
경상,대구,머더파커 대구2호점,전국일이삼,잠입,중하,60분,2021.02.08,
경상,대구,머더파커 대구2호점,도레미용실,감성,하,60분,2021.02.08,
경상,대구,방탈출V 삼덕점,삼덕반점,호러,6/10,60분,2017.08.12,
경상,대구,방탈출V 삼덕점,퍽 댓 쉿,스릴러,3/10,60분,2017.08.12,
경상,대구,방탈출V 삼덕점,장미맨숀,드라마,4/10,60분,2017.08.12,
경상,대구,방탈출V 삼덕점,퍼니 게임,스릴러,5/10,60분,2017.08.12,
경상,대구,방탈출V 삼덕점,드래곤 에그,도둑질,5/10,60분,2017.08,
경상,대구,방탈출V 삼덕점,미드나잇 위스키,비밀거래,7/10,60분,2017.08,
경상,대구,방탈출V 삼덕점,호호랜드,잔혹동화,7/10,60분,2017.09.24,
경상,대구,방탈출V 공평점,하나보살,오컬트,6/10,60분,2020.04.05,
경상,대구,방탈출V 공평점,너의 구멍 나의 구멍,관음증,4/10,60분,2020.04.05,
경상,대구,방탈출V 공평점,몽환의 숲,판타지,5/10,60분,2020.04.05,
경상,대구,방탈출V 공평점,썬 오브 비치,실종,4/10,60분,2020.04.05,
경상,대구,방탈출V 공평점,XXX클럽,심부름,5/10,60분,2020.07.23,
경상,대구,비밀의화원 동성로점,안녕,공포,3,60분,2019.08,
경상,대구,비밀의화원 동성로점,비밀의 선물,감성로맨스,3,60분,2019.08,
경상,대구,비밀의화원 동성로점,대감댁 변씨,조선므훗병맛,5,60분,2019.08,
경상,대구,비밀의화원 동성로점,리비도,19금,4,75분,2019.09,
경상,대구,비밀의화원 동성로점,대×9탈출,코믹,3,75분,2019.09,
경상,대구,비밀의화원 동성로점,영웅을 찾아서,미션,2,60분,2019.10.05,
경상,대구,비밀의화원 동성로점,향수 2019,공포스릴러,4,60분,2019.10.05,
경상,대구,비트포비아 동성로점,쏘우,호러,7,60분,2016.08,
경상,대구,비트포비아 동성로점,웃는 남자,호러,5,60분,2016.07.09,
경상,대구,비트포비아 동성로점,테러 라이브,스릴러,4,60분,2016.07.09,
경상,대구,비트포비아 동성로점,트레이드,스릴러,6,60분,2016.07,
경상,대구,비트포비아 동성로점,용의선상,드라마,5,60분,2018.01.07,
경상,대구,비트포비아 동성로점,모자가게의 비밀,판타지,1,60분,2016.07.09,
경상,대구,비트포비아 동성로점,잭 더 리퍼,호러,3,60분,2016.07.09,
경상,대구,비트포비아 동성로점,심야식당,드라마,2,60분,2016.07.09,
경상,대구,서울이스케이프룸 대구동성로점,카지노,,4,75분,2022.11.08,
경상,대구,서울이스케이프룸 대구동성로점,파킹랏,납치 탈출,3.5,60분,2022.12.09,
경상,대구,서울이스케이프룸 대구동성로점,엘리베이터,잠입,3,60분,2023.08,
경상,대구,서울이스케이프룸 대구동성로점,팩토리,미션,4,60분,2023.03.18,
경상,대구,서울이스케이프룸 대구동성로점,춘단화,스릴러 드라마,3.5,70분,2024.05.01,
경상,대구,서울이스케이프룸 대구동성로점,오모테나시,스릴러,3.5,77분,2024.11.09,
경상,대구,셜록홈즈 대구동성로점,지프리트의 심장,판타지,4,60분,2021.01.23,
경상,대구,셜록홈즈 대구동성로점,황금감옥: 와캄,,3,60분,2021.01.23,
경상,대구,셜록홈즈 대구동성로점,랑슈 뷰티연구소,드라마,3,60분,2021.03,
경상,대구,셜록홈즈 대구동성로점,단잠,감성,3,65분,2021.04.15,
경상,대구,시간의문 대구동성로점,시크릿 왕국의 스캔들 완전판,추리/잔혹동화,4,90분,2024.07.23,
경상,대구,시간의문 대구동성로점,혼숨 : 리마스터,공포,3,80분,2024.08.01,
경상,대구,시간의문 대구동성로점,복도끝: 못다한 이야기,공포,4,80분,2024.08.26,
경상,대구,시간의문 대구동성로점,CHASER: 한마음 폐공장,수사/스릴러,4,80분,2024.09.27,
경상,대구,시간의문 대구동성로점,영안실,공포,4,80분,2024.10.25,
경상,대구,앨리스이스케이프,금두꺼비,드라마,하,60분,2016.11~12,
경상,대구,앨리스이스케이프,레드 주식회사,호러,상,60분,2016.11~12,
경상,대구,앨리스이스케이프,지퍼스 크리퍼스,호러,상,60분,2016.11~12,
경상,대구,앨리스이스케이프,왕따 교실,드라마 & 호러,하,60분,2016.11~12,
경상,대구,앨리스이스케이프,사가와 잇세이,호러,상,60분,2017.01,
경상,대구,앨리스이스케이프,동성로 앨리스,판타지,중,60분,2017.01.10,
경상,대구,앨리스이스케이프,달빛 서커스,판타지,하,60분,2017.02,
경상,대구,앨리스이스케이프,아빠의 서재,드라마/19금,중,60분,2017.02,
경상,대구,앨리스이스케이프,환상 크루즈,판타지,상,70분,2017.03,
경상,대구,오렌지티비 대구점,리버사이드 호텔 살인사건,추리,2,60분,2024.07.16,
경상,대구,오렌지티비 대구점,구해줘 홈즈,드라마,2,60분,2024.07.16,
경상,대구,오렌지티비 대구점,유토피아,SF,2,60분,2024.07.16,
경상,대구,오렌지티비 대구점,광수대,범죄,3,60분,2024.09,
경상,대구,오렌지티비 대구점,심판,스릴러,3,60분,2024.09,
경상,대구,오렌지티비 대구점,1672,탈옥,3,60분,2024.11.09,
경상,대구,오렌지티비 대구점,에그머니나,코믹,2,60분,2024.12.14,
경상,대구,오렌지티비 대구점,무드셀라,미스터리 드라마,2,60분,2025.01.30,
경상,대구,이스케이퍼스 대구점,멍스타그램,감성,3,60분,2022.01.04,
경상,대구,이스케이퍼스 대구점,폰부스,공포,3,60분,2022.01.05,
경상,대구,이스케이퍼스 대구점,웰컴 투 캔디샵,"모험, 판타지",4,60분,2022.01.04,
경상,대구,이스케이퍼스 대구점,돈싱크,재난,5,60분,2022.01.29,
경상,대구,이스케이퍼스 대구점,서커스: 동성극단의 사정,스릴러,4,60분,2022.03.08,
경상,대구,이스케이퍼스 대구점,끝까지 간다,미션,5,75분,2022.03.25,
경상,대구,지구별방탈출 대구점,단디해라,코믹,3,65분,2021.05.21,
경상,대구,지구별방탈출 대구점,만월 (꿈을 훔치는 요괴),"잠입,미스터리",4,75분,2021.05.23,
경상,대구,지구별방탈출 대구점,너의 겨울은 가고 봄은 온다,감성,2,60분,2021.07.12,
경상,대구,지구별방탈출 대구점,우리 아빠,공포,3,70분,2021.09.05,
경상,대구,지구별방탈출 대구점,펭귄 키우기,문제방,5,60분,2021.11.20,
경상,대구,지구별방탈출 대구점,사명:투쟁의 노래,탈옥,4,69분,2022.02.10,
경상,대구,지구별방탈출 대구점,잉카,"어드벤처,모험,챌린지",4,80분,2024.10.11,
경상,대구,코드네임블랙 대구점,어바웃 타임,,2,60분,2018.04.14,
경상,대구,코드네임블랙 대구점,냥이강쥐의 대모험,,2,60분,2018.04.14,
경상,대구,코드네임블랙 대구점,스카이 테러,,5,60분,2018.04.14,
경상,대구,코드네임블랙 대구점,야간자율학습,,3,60분,2018.04.14,
경상,대구,코드네임블랙 대구점,스페이스 쉽: 라비린스,,4,60분,2018.04.14,
경상,대구,코드네임블랙 대구점,로스트 원더랜드,,3,60분,2018.04.14,
경상,대구,코드네임블랙 대구점,그녀의 오피스텔,공포,4,60분,2018.04.14,
경상,대구,코드네임블랙 대구점,드워프: 금지된 마법,,4,60분,2018.04.14,
경상,대구,코드이스케이프 대구점,프리즌 브레이크,,4,60분,2016.06.10,
경상,대구,코드이스케이프 대구점,게이샤의 붉은 편지,,4,60분,2016.06.10,
경상,대구,코드이스케이프 대구점,바이러스,,4,60분,2016.06.10,
경상,대구,코드이스케이프 대구점,키드냅,,5,60분,2016.06.10,
경상,대구,코드이스케이프 대구점,의문의 시선: 추격,,5,60분,2016.06.10,
경상,대구,트랩코리아 대구월성점,고대 이집트,,3.5,60분,2016.05.05,
경상,대구,트랩코리아 대구월성점,중세시대,,3,60분,2016.05.05,
경상,대구,트랩코리아 대구월성점,비밀의 무덤,,4.5,60분,2016.05.05,
경상,대구,트랩코리아 대구월성점,아마겟돈,,5,60분,2016.05.05,
경상,대구,플레이더월드 동성로점,지금 가는 중,코믹/로맨스,4,60분,2024.07.19,
경상,대구,플레이더월드 동성로점,알바천국 솔로지옥,코믹/추리,4,60분,2024.07.19,
경상,대구,플레이더월드 동성로점,엄마 나 만원만,"수색,잠입",4,60분,2024.08.22,
경상,대구,플레이더월드 동성로점,고양만두,"코믹,문제방",3,60분,2024.08.22,
경상,대구,황금열쇠 동성로점,X됐다,코믹,2,60분,2021.01.23,
경상,대구,황금열쇠 동성로점,제일오,미션,5,90분,2021.01.23,
경상,대구,황금열쇠 동성로점,가이아 기적의 땅,판타지,3,60분,2021.01.23,
경상,대구,황금열쇠 동성로점,타임 스틸러,어드벤처,4,75분,2021.08.07,
경상,대구,황금열쇠 동성로점,경산,스릴러,3,65분,2024.08.05,
경상,대구,황금열쇠 동성로2호점,헤븐,"스릴러,드라마",3,60분,2022.07.22,
경상,대구,황금열쇠 동성로2호점,냥탐정 셜록캣,추리,3,60분,2022.08.27,
경상,대구,황금열쇠 동성로2호점,"다시, 너에게",드라마,4,65분,2022.10.04,
경상,대구,황금열쇠 동성로2호점,지옥,미스터리,3,70분,2022.10.29,
경상,대구,황금열쇠 동성로2호점,필그림,모험,3,70분,2022.12.22,
경상,대구,황금열쇠 동성로2호점,BAD ROB BAD,미션 잠입,4,70분,2023.02.14,
경상,대구,황금열쇠 동성로2호점,2ways,아케이드,4,70분,2023.04.25,
경상,대구,황금열쇠 동성로2호점,LAST,미션,2,70분,2023.10.13,
경상,구미,구미랑방탈출카페,무속인 살인사건,,4,60분,2019.03~04,
경상,구미,구미랑방탈출카페,반하셨군요!,,4,60분,2020.06.06,
경상,구미,구미랑방탈출카페,역대급 사생팬,,3,60분,2021.11,
경상,구미,구미랑방탈출카페,더 웨이 홈,,4,60분,2024.09.19,
경상,포항,더패닉방탈출카페,생존의 기로1,,3,60분,2016.11,
경상,포항,더패닉방탈출카페,생존의 기로2,,5,60분,2016.11,
경상,포항,더패닉방탈출카페,센의 진실,,4,60분,2016.11,
경상,포항,더패닉방탈출카페,흉가 탈출,,4.5,60분,2016.11,
경상,포항,더패닉방탈출카페,제물,,4,60분,2016.11,
경상,포항,더패닉방탈출카페,파괴된 도시,,3.5,60분,2016.11,
경상,포항,더패닉방탈출카페,히말라야,,3.5,60분,2016.11,
경상,포항,더패닉방탈출카페,스파이,,3.5,60분,2016.11,
경상,포항,더패닉방탈출카페,피의 멜로디,,4,60분,2016.11,
경상,포항,더와이방탈출카페,타임 트래블링,,4,60분,2016.10.17,
경상,포항,더와이방탈출카페,안티 사이언스,,5,60분,2016.11,
경상,포항,더와이방탈출카페,크리스마스,,3,60분,2016.10.25,
경상,포항,더와이방탈출카페,딥 포레스트,,4,60분,2016.10.28,
경상,포항,더와이방탈출카페,포가튼 킹덤,,4,60분,2016.10.17,
경상,포항,더와이방탈출카페,자백,"스릴러,추리",,60분,2025.01,
경상,포항,룸즈에이 포항점,너와 나의 이야기,감성/스토리,4,60분,2019.12.10,
경상,포항,룸즈에이 포항점,시크릿 에이전트,잠입/수사,4,60분,2019.12.10,
경상,포항,룸즈에이 포항점,낭랑카페,힐링/판타지,3,60분,2019.12.10,
경상,포항,룸즈에이 포항점,안개꽃,감성/로맨스,4,60분,2019.12.10,
경상,경주,더코드 경주점,박물관: 도둑들,,3,60분,2022.04.30,
경상,경주,더코드 경주점,최부장의 비밀,,4,60분,2022.04.30,
경상,경주,더코드 경주점,몽타주: 강력 1반,,5,60분,2022.04.30,
경상,경주,더코드 경주점,도박꾼: 마지막 배팅,,4,60분,2022.04.30,
경상,부산,게임오브마인드 서면,어둠의 마법(다크 매직),판타지,,60분,2016.07.05,
경상,부산,게임오브마인드 서면,생명의 서(다빈치),어드벤처,,60분,2016.07.05,
경상,부산,게임오브마인드 서면,미치광이 의사(카니발),호러,,60분,2016.07.05,
경상,부산,게임오브마인드 서면,위험한 마법사(블랙 매직),판타지,,60분,2018.09,
경상,부산,다이아에그 미스테리인,우시마을,"공포,스릴러",3,60분,2024.09,
경상,부산,다이아에그 미스테리인,그래버,"공포,스릴러",3,65분,2024.10.12,
경상,부산,다이아에그 미스테리인,키키키키키,보물찾기,2,40분,2024.10.28,
경상,부산,다이아에그 미스테리인,무료한 하루,코미디,1,60분,2024.12.25,
경상,부산,다이아에그 미스테리인,개연성,,3,70분,2025.01.04,
경상,부산,다이아에그 미스테리인,타임크루즈,모험,2,30분,2025.01,
경상,부산,다이아에그 부산서면점,레드룸,퍼즐,3,40분,2018.04.01,
경상,부산,다이아에그 부산서면점,닥터 슈나벨,"스릴러,공포",3,70분,2023.08.11,
경상,부산,다이아에그 부산서면점,신입사원,감성,4,60분,2023.12,
경상,부산,다이아에그 부산서면점,회귀,,4,70분,2024.02,
경상,부산,더락이스케이프 경성대점,우리집에 왜 왔니,,4,60분,2019.11,
경상,부산,더락이스케이프 경성대점,오리엔트 특급열차 살인사건,,3,60분,2019.11,
경상,부산,더락이스케이프 경성대점,편의점을 털어라,,5,60분,2018.09.21,
경상,부산,더락이스케이프 경성대점,미스터리 동호회-산장편-,,3,60분,2019.11,
경상,부산,더락이스케이프 경성대점,선과 칠호의 행방불명,,4,60분,2019.02.21,
경상,부산,더락이스케이프 부산대점,루시드 드리밍,,4,60분,2019.05,
경상,부산,더락이스케이프 부산대점,의뢰인,,3,60분,2019.05,
경상,부산,더락이스케이프 부산대점,최후의 만찬,,4,60분,2019.05,
경상,부산,더락이스케이프 부산대점,절대반지의 비밀,,3,60분,2019.05,
경상,부산,더락이스케이프 부산대점,하울의 안 움직이는 성,,4,60분,2019.05,
경상,부산,더락이스케이프 하단점,괴도루팡의 예고장,,3,60분,2022.09.19,
경상,부산,더락이스케이프 하단점,부비트랩,,3,60분,2022.09.19,
경상,부산,더락이스케이프 하단점,미스테리 동호회(정신병원 편),,4,60분,2022.09.19,
경상,부산,더락이스케이프 하단점,마녀의 숨겨진 약,,4,60분,2022.09.19,
경상,부산,더락이스케이프 하단점,벙커,,4,60분,2022.09.19,
경상,부산,덤앤더머 서면점,소공녀,동화,4,60분,2019.01.25,
경상,부산,덤앤더머 서면점,러브 클리닉,커플,3,60분,2019.01.25,
경상,부산,덤앤더머 서면점,투 앨리스,동화,3.5,60분,2019.01.25,
경상,부산,덤앤더머 서면점,글램핑 A/B,가족,2.5,60분,2019.01.25,
경상,부산,덤앤더머 서면점,동전노래방,19금,3,60분,2019.04.24,
경상,부산,덤앤더머 서면점,작전명: 옵저버,,3.5,60분,2019.04.02,
경상,부산,덤앤더머 서면점,휴가중,어드벤처,3.5,70분,2019.04,
경상,부산,덤앤더머 서면점,knock knock,감성,4,60분,2019.02,
경상,부산,덤앤더머 서면점,기담,스릴러,4,60분,2019.02.02,
경상,부산,덤앤더머 서면점,크라임시티,스릴러,3,60분,2019.02.02,
경상,부산,덤앤더머 서면점,푸른 수염,공포,3.5,60분,2019.02,
경상,부산,덤앤더머 서면점,X테마,공포,1,45분,2019.04.11,
경상,부산,룸즈에이 부산남포점,안개꽃,감성/로맨스,4,60분,2018.07.20,
경상,부산,룸즈에이 부산남포점,낭랑카페,힐링/판타지,3,60분,2018.07.20,
경상,부산,룸즈에이 부산남포점,시크릿 에이전트,잠입/수사,4,60분,2018.07.20,
경상,부산,룸즈에이 부산남포점,초콜릿 팩토리,환상/판타지,5,60분,2018.10,
경상,부산,룸즈에이 부산남포점,제인하우스,공포,4,60분,2018.07.20,
경상,부산,룸즈에이 부산남포점,행방불냥,고양이/큐트,3,60분,2018.07.20,
경상,부산,룸즈에이 부산서면점,히어로 아카데미,히어로/아케이드,4,60분,2018.11.10,
경상,부산,룸즈에이 부산서면점,너와 나의 이야기,감성/스토리,4,60분,2018.12,
경상,부산,룸즈에이 부산서면점,요정들의 술집,코믹/판타지,3,60분,2018.11.10,
경상,부산,룸즈에이 부산서면점,아직 버리지 못한 지갑,감성/스토리,4,60분,2018.12,
경상,부산,룸즈에이 부산서면점,퍼펙트 플랜,잠입/해킹,5,60분,2018.12,
경상,부산,룸즈에이 부산서면점,프레임 하이커,판타지/꿈,5,60분,2018.11.10,
경상,부산,머더파커 부산점,레디,,중하,70분,2022.11.10,
경상,부산,머더파커 부산점,도굴왕,모험 보물찾기,중하,70분,2022.11.10,
경상,부산,머더파커 부산점,액션,,중하,70분,2022.11.10,
경상,부산,머더파커 부산점,사라진 보물 2056,,중상,70분,2022.11.10,
경상,부산,머더파커 부산점,잭,판타지,중하,70분,2022.11.10,
경상,부산,미션이스케이프 부산대점,변호사 업무일지-의뢰인 A 살인사건,미스터리,3,60분,2023.06,
경상,부산,미션이스케이프 부산대점,타짜-마지막 게임,,3,60분,2023.06,
경상,부산,미션이스케이프 부산대점,영재는 못말려-개나리반 이야기,,4,60분,2023.06,
경상,부산,미션이스케이프 부산대점,비밀프로젝트-1급기밀 코드넘버 b901,,4,60분,2023.06,
경상,부산,미션이스케이프 부산대점,신입사원-업무일지의 비밀,,5,60분,2023.06,
경상,부산,브레이크아웃이스케이프 광안점,섹션 13,,3.5,60분,2024.11.11,
경상,부산,브레이크아웃이스케이프 광안점,부산 실종 사건,,3,60분,2024.11.11,
경상,부산,브레이크아웃이스케이프 광안점,원더랜드,,,60분,2024.11.11,
경상,부산,브레이크아웃이스케이프 해운대점,폴아웃 프로젝트,,1,50분,2016.06.16,
경상,부산,브레이크아웃이스케이프 해운대점,수상한 한의원,,4,50분,2016.06.16,
경상,부산,브레이크아웃이스케이프 해운대점,오스왈드 지상 최대의 쇼,호러 스릴러,3,50분,2016.06.16,
경상,부산,브레이크아웃이스케이프 해운대점,테라포밍,SF 공상과학,5,50분,2016.06.16,
경상,부산,브레이크아웃이스케이프 해운대점,호쿠스 마술사의 방,탐정,2,50분,2016.06.16,
경상,부산,브레이크아웃이스케이프 해운대점,우체국 살인사건,미스터리,3,50분,2020.07.14,
경상,부산,브레이크아웃이스케이프 해운대점,렘브란트를 위하여,잠입,2,50분,2022.01.01,
경상,부산,브레이크아웃이스케이프 해운대점,테슬라의 유산,,4,50분,2022.01.12,
경상,부산,비밀의화원 서면점,아뜰리에,공포,2,60분,2018.12,
경상,부산,비밀의화원 서면점,비밀의 화원,감성,3,75분,2018.12,
경상,부산,비밀의화원 서면점,베이비 레이스,15금병맛,4,60분,2018.12,
경상,부산,비밀의화원 서면점,연애학개론,19금,5,60분,2018.12,
경상,부산,비밀의화원 서면점,블라인드,공포스릴러,4,60분,2018.12,
경상,부산,비밀의화원 서면점,슈퍼 엔지니어,어드벤처,1,60분,2018.12,
경상,부산,비밀의화원 서면점,컬러즈,감성,2,60분,2018.12,
경상,부산,비트포비아 서면던전 레드,산장으로의 초대,호러 공포,NORMAL,60분,2016.12,
경상,부산,비트포비아 서면던전 레드,당감동 정육점,스릴러,NORMAL,60분,2016.12.16,
경상,부산,비트포비아 서면던전 레드,고시원 살인사건,추리,EASY,60분,2016.12.16,
경상,부산,비트포비아 서면던전 레드,어느 수집가의 집,호러 공포,EASY,60분,2024.04.27,
경상,부산,비트포비아 서면던전 레드,부적,스릴러,EASY,60분,2024.04.27,
경상,부산,비트포비아 서면던전 레드,AMEN,호러 공포,NORMAL,60분,2024.04.27,
경상,부산,비트포비아 서면던전,오늘 나는,드라마 서사,NORMAL,60분,2019.10.26,
경상,부산,비트포비아 서면던전,꿈의 공장,판타지,NORMAL,60분,2019.10.26,
경상,부산,비트포비아 서면던전,날씨의 신,판타지,NORMAL,60분,2019.10.26,
경상,부산,서울이스케이프룸 서면점,404호 살인사건,,4.5,60분,2016.07.17,
경상,부산,서울이스케이프룸 서면점,유러피안 스파이,,4,60분,2016.07.17,
경상,부산,서울이스케이프룸 서면점,회장님의 서재,,3.5,60분,2016.07.17,
경상,부산,서울이스케이프룸 서면점,죽음을 부르는 재즈바,,5,60분,2016.07.17,
경상,부산,서울이스케이프룸 서면점,알카트라즈 지하감옥,,5,60분,2016.07.17,
경상,부산,셜록홈즈 부산기장정관점,유품정리사,미스터리 범죄 스릴러,4~4.5,90분,2023.06.03,
경상,부산,셜록홈즈 부산기장정관점,트라이앵글,잠입 범죄 스릴러,2,90분,2023.07.01,
경상,부산,셜록홈즈 부산아트몰링점,95,아케이드,3,60분,2023.12.08,
경상,부산,셜록홈즈 부산아트몰링점,골드워쳐,문제방,3,60분,2023.12.08,
경상,부산,셜록홈즈 부산아트몰링점,우당탕 해결사무소,코믹,3,60분,2024.01.03,
경상,부산,셜록홈즈 부산아트몰링점,오버드라이브,"SF, 문제방",4,60분,2023.12.13,
경상,부산,셜록홈즈 부산아트몰링점,시간의 회랑,드라마,5,70분,2024.01.15,
경상,부산,신나는방탈출,DUMB,,,60분,2023.07.31,
경상,부산,신나는방탈출,리스키아르,,,70분,2023.07.31,
경상,부산,신나는방탈출,뜻밖의 재능,,,60분,2023.07.31,
경상,부산,이스케이프탑 부산점,마법사: 미로의 방,,4/10,60분,2018.03,
경상,부산,이스케이프탑 부산점,더미러: 싸이코패스,,9/10,60분,2018.03,
경상,부산,이스케이프탑 부산점,프리즌: 수감번호 1508,,7/10,60분,2018.03,
경상,부산,이스케이프탑 부산점,여고괴담,,6/10,60분,2018.03,
경상,부산,이스케이프탑 부산점,젠틀맨: 요원의 자격,,5/10,60분,2018.03,
경상,부산,이스케이프탑 부산점,미션: 폭탄제거,,7/10,60분,2018.03,
경상,부산,이스케이프탑 부산점,해적: 저주받은 캐리비호,,10/10,60분,2018.03,
경상,부산,G9이스케이프,레인 컴퍼니,,3,60분,2017.05.17,
경상,부산,G9이스케이프,메이즈 헌터,,4.5,60분,2017.05.17,
경상,부산,G9이스케이프,사도: 운명의 그림자,,3.5,60분,2017.05.17,
경상,부산,G9이스케이프,건축무한육면각체: 숨겨진 비밀,,2.5,60분,2017.05.17,
경상,부산,G9이스케이프,페어리테일 : 마녀의 장난,,3,60분,2017.05.17,
경상,부산,G9이스케이프,서바이벌: 라이브,,4,60분,2017.05.17,
경상,부산,G9이스케이프,셜록의 위기; 조디악의 반격,,5,60분,2017.05.17,
경상,부산,카타르시스 이스케이프,똑똑! 계시나요?,범죄/잠입,3,60분,2022.08.26,
경상,부산,카타르시스 이스케이프,500X5,문제방,?,60분,2022.10.17,
경상,부산,카타르시스 이스케이프,왠지 출근하기 싫은 날,일상/코믹,4,60분,2023.03.13~17,
경상,부산,코드미스터리,곤지암 정신병원 살인사건,,2,60분,2016.04,
경상,부산,코드미스터리,여고괴담,,5,60분,2016.04,
경상,부산,코드미스터리,싸이코,,4,60분,2016.04,
경상,부산,코드미스터리,프리즌 브레이크,,3,60분,2016.04,
경상,부산,코드미스터리,아트 미스터리,,4,60분,2016.04,운영중단
경상,부산,큐방탈출카페 서면점,서커스,,4,60분,2016.12,
경상,부산,큐방탈출카페 서면점,Z월드,,3,60분,2016.12,
경상,부산,큐방탈출카페 서면점,북경만두,,3,60분,2016.12,운영중단
경상,부산,큐방탈출카페 서면점,백설공주,,3.5,60분,2016.12,
경상,부산,큐방탈출카페 서면점,광산 터널,,3,60분,2016.12,운영중단
경상,부산,큐방탈출카페 서면점,밀정,,3.5,60분,2016.12,
경상,부산,큐방탈출카페 서면점,산타의 비밀,,3.5,60분,2016.12,
경상,부산,큐방탈출카페 서면점,백조의 호수,,4,60분,2016.12,운영중단
경상,부산,큐방탈출카페 서면점,꿈꾸는 다락방,,3,60분,2016.12,
경상,부산,큐방탈출카페 서면점,사쿠라 하우스,,4,60분,2016.12,
경상,부산,키이스케이프 부산점,난쟁이의 장난,아케이드,3,60분,2016.10,
경상,부산,키이스케이프 부산점,파파라치,잠입/스릴러,3,60분,2016.10,
경상,부산,키이스케이프 부산점,정신병동,공포,3,60분,2016.10,
경상,부산,키이스케이프 부산점,셜록 죽음의 전화,추리,4.5,60분,2016.10,
경상,부산,키이스케이프 부산점,신비의 숲 고대 마법의 비밀,판타지,4.5,60분,2016.10,
경상,부산,플레이포인트랩 서면탄탄스트리트점,F등급킬러: 다정리,,3,60분,2025.02.12,
경상,부산,플레이포인트랩 서면탄탄스트리트점,토이메이커,,3,60분,2025.02.12,
경상,부산,플레이포인트랩 서면탄탄스트리트점,근비빌라 401호,,3,60분,2025.02.12,
경상,부산,플레이포인트랩 해운대블루오션스테이션점,BANG,어드벤처,3,68분,2023.11.06,
경상,부산,플레이포인트랩 해운대블루오션스테이션점,문 앞에 두고 벨 눌러주세요,코믹,3,60분,2024.01.11,
경상,부산,플레이포인트랩 해운대블루오션스테이션점,별의별,어드벤처,2,60분,2023.11,
경상,부산,플레이포인트랩 해운대블루오션스테이션점,리허설,공포,4,60분,2023.11,
경상,부산,플레이포인트랩 해운대블루오션스테이션점,캣츠 아이,어드벤처,3,60분,2024.01.31,
경상,부산,플레이포인트랩 해운대블루오션스테이션점,점점,,4,60분,2024.03.01,
경상,울산,이스케이프탑 울산점,마법사: 미로의 방,,4/10,60분,2018.02,
경상,울산,이스케이프탑 울산점,쥬라기S: 바이러스,,6/10,60분,2018.02,
경상,울산,이스케이프탑 울산점,더미러: 싸이코패스,,9/10,60분,2018.02,
경상,울산,이스케이프탑 울산점,프리즌 수감번호 1508,,7/10,60분,2018.02,
경상,울산,이스케이프탑 울산점,여고괴담,,6/10,60분,2018.02,
경상,울산,이스케이프탑 울산점,젠틀맨: 요원의 자격,,5/10,60분,2018.02,
경상,울산,이스케이프탑 울산점,미션:폭탄제거,,7/10,60분,2018.02,
경상,울산,이스케이프탑 울산점,해적: 저주받은 캐리비호,,10/10,60분,2018.02,
경상,울산,제트방탈출,태화여고의 괴담,,5,60분,2017.12.16,
경상,울산,제트방탈출,중화만두,,5,60분,2017.12.16,
경상,울산,제트방탈출,시크릿제트,,3,60분,2017.12.16,
경상,울산,제트방탈출,삐에로,,3,60분,2017.12.16,
경상,울산,제트방탈출,연애편지,,3,60분,2017.12.16,
경상,울산,제트방탈출,캣츠 앤 도그,,2,60분,2017.12.16,
경상,울산,제트방탈출,지하묘지의 비밀,,3,60분,2017.12.16,
경상,울산,제트방탈출,매직트레인,,3,60분,2017.12.16,
경상,울산,제트방탈출,올림푸스의 초대,,4,60분,2017.12.16,
경상,울산,트랩코리아 울산점,고대 이집트,,3,60분,2016.03.05,
경상,울산,트랩코리아 울산점,중세시대,,3,60분,2016.03.05,
경상,울산,트랩코리아 울산점,비밀의 무덤,,4,60분,2016.03.05,
경상,울산,트랩코리아 울산점,아마겟돈,,5,60분,2016.03.05,
경상,양산,더타임이스케이프,사기도박,,5,60분,2019.06,
경상,양산,더타임이스케이프,레이나의 시약,,3,60분,2019.07,
경상,양산,더타임이스케이프,누명,,4,60분,2019.06,
경상,양산,더타임이스케이프,귀신헬리콥터,,3.5,60분,2019.06,
경상,양산,더타임이스케이프,보스의 놀이방,,3,60분,2019.06,
경상,양산,더타임이스케이프,시크릿,,3,60분,2019.07.27,
경상,양산,머더파커 양산점,머더파커 분노의 살인,,하,60분,2017.09.02,
경상,양산,머더파커 양산점,엘리스 사라진 아이,,하,60분,2017.09.02,
경상,양산,머더파커 양산점,오씨네 장난감 가게,,상,60분,2017.09.02,
경상,양산,머더파커 양산점,유코사스미 치밀한 복수,,중하,60분,2017.09.02,
경상,양산,머더파커 양산점,언타이틀,,중상,60분,2017.09.02,
경상,진주,더지니어스,뉴마르코의 방,,4,60분,2020.03,
경상,진주,더지니어스,생체실험실,,5,60분,2016.06.17,
경상,진주,더지니어스,탐정사무소 검은 방,,4.5,60분,2017.03.26,
경상,진주,더지니어스,레베카의 은밀한 초대,,4,60분,2017.07.04,
경상,진주,더지니어스,박씨네 라면가게,,5,60분,2017.09.20,
경상,진주,더코드 진주점,다시 시작된 살인사건,,4,60분,2017.02.27,
경상,진주,더코드 진주점,의문의 동창회,,3,60분,2017.02.27,
경상,진주,더코드 진주점,아파트,,4,60분,2017.02.27,
경상,진주,더코드 진주점,재즈바 W: 위험한 거래,,3,60분,2017.02.27,
경상,진주,더코드 진주점,위자 보드: 위험한 장난,,5,60분,2017.02.27,
경상,진주,더코드 진주점,강력 1반 : 사라진 아이들,,3,60분,2017.02.27,
경상,진주,더코드 진주점,세기의 명화를 훔치는 도둑들,,4,60분,2017.02.27,
경상,창원,이스케이프탑 창원점,마법사:미로의 방,,4/10,60분,2018.02,
경상,창원,이스케이프탑 창원점,더미러: 싸이코패스,,9/10,60분,2018.02,
경상,창원,이스케이프탑 창원점,프리즌: 수감번호 1508,,7/10,60분,2018.02,
경상,창원,이스케이프탑 창원점,여고괴담,,6/10,60분,2018.02,
경상,창원,이스케이프탑 창원점,젠틀맨: 요원의 자격,,5/10,60분,2018.02,
경상,창원,이스케이프탑 창원점,미션: 폭탄제거,,7/10,60분,2018.02,
경상,창원,이스케이프탑 창원점,해적: 저주받은 캐리비호,,10/10,60분,2018.02,
경상,창원,코드이스케이프 마산점,상속자,,5,60분,2021.12.24,
경상,창원,코드이스케이프 마산점,재즈 인 더 레인,,5,60분,2021.12.24,
경상,창원,코드이스케이프 마산점,프리즌 브레이크 2,,4,60분,2021.12.24,
경상,창원,코드이스케이프 마산점,싱어게인,,4,60분,2022.03,
경상,창원,타임이스케이프,극한탈출,,3,60분,2019.07,
경상,창원,타임이스케이프,크라임씬,,2.5,60분,2017.07.02,
경상,창원,타임이스케이프,7번방의 비밀2,,4.5,60분,2017.12.23,
경상,창원,타임이스케이프,학교<야자탈출>,,3,60분,2018.12.03,
경상,창원,타임이스케이프,크라임씬3(보복 살인사건),,3,60분,2020.12.19,
경상,창원,타임이스케이프,폐쇄병동2,,2.5,60분,2018.07.02,
전라,익산,원타임방탈출카페 익산원광대점,이불밖은 위험해,감성,4,60분,2018.02.13,
전라,익산,원타임방탈출카페 익산원광대점,온칼로: 10만년의 밤,어드벤처 SF,4,60분,2018.02.14,
전라,익산,원타임방탈출카페 익산원광대점,경찰서를 털어라,코믹 어드벤처,2,60분,2018.02.14,
전라,익산,원타임방탈출카페 익산원광대점,카마수트라,성인,3,60분,2018.02.14,
전라,익산,원타임방탈출카페 익산원광대점,트로이,추리 퍼즐,5,60분,2018.03.07,
전라,익산,원타임방탈출카페 익산원광대점,호스텔,공포,5,60분,2018.02.27,
전라,익산,지니어스방탈출,도플갱어,미스터리,4,60분,2021.07.21,
전라,익산,지니어스방탈출,제물,공포 스릴러,4,60분,2017.03.04,
전라,익산,지니어스방탈출,수상한 회사원,추리/임무수행,5,60분,2018.04,
전라,익산,지니어스방탈출,잃어버린 기억,미스터리,4,60분,2019.07,
전라,익산,지니어스방탈출,메이저리그,액션 추리,3,60분,2017.03.04,
전라,전주,디코드 전주점,빛과 그림자,,3,60분,2019.03.28,
전라,전주,디코드 전주점,사라진 다이아몬드,,4,60분,2019.03.28,
전라,전주,디코드 전주점,지하감옥,,4,60분,2019.03.28,
전라,전주,디코드 전주점,노아,,5,60분,2019.03.28,
전라,전주,디코드 전주점,보헤미아,,4,60분,2019.03.28,
전라,전주,디코드 전주점,파라오,,4,60분,2019.03.28,
전라,전주,디코드 전주점,혼,,4,60분,2019.03.28,
전라,전주,디코드 전주점,앨리스,,3,60분,2019.03.28,
전라,전주,머더파커 전주1호점,머더파커 분노의 살인,,하,60분,2016.03.11,
전라,전주,머더파커 전주1호점,내 이름 지배만,,중상,60분,2018.06.23,
전라,전주,머더파커 전주1호점,일주(ONE WEEK),,상,60분,2020.01.04,
전라,전주,머더파커 전주2호점,인턴 사원의 크리스마스 생존기,,중하,60분,2017.12.14,
전라,전주,머더파커 전주2호점,목격자들,,중하,70분,2020.12.12,
전라,전주,머더파커 전주2호점,NEW 토니파커 숨겨진 과거,,상,75분,2021.11,
전라,전주,머더파커 전주2호점,스모커,,중상,90분,2022.07.27,
전라,전주,머더파커 전주3호점,제임스 완벽한 도피,,중하,60분,2017.11.26,
전라,전주,머더파커 전주3호점,박엠마 엄마의 향기,,중하,60분,2017.11.26,
전라,전주,머더파커 전주3호점,김파커 끝없는 복수,,상,60분,2017.11.26,
전라,전주,머더파커 전주3호점,박마담의 비밀클럽,,중상,60분,2017.11.26,
전라,전주,머더파커 전주3호점,전당포 불편한 거래,,상,60분,2017.12.20,
전라,전주,비밀의화원 전주점,달: 기억의 조각,감성,4,75분,2022.03.01,
전라,전주,비밀의화원 전주점,사춘기,드라마,2,60분,2022.03.10,
전라,전주,비밀의화원 전주점,담력학원,담력훈련,3,75분,2022.11,
전라,전주,원타임방탈출카페 전주객사점,13 여고괴담,공포,3,60분,2017.09.12,
전라,전주,원타임방탈출카페 전주객사점,인디아나 존스,어드벤처 액션,2,60분,2017.09.12,
전라,전주,원타임방탈출카페 전주객사점,곡성,공포,3,60분,2017.09.12,
전라,전주,원타임방탈출카페 전주객사점,조커 2,추리 퍼즐,4,60분,2017.09.12,
전라,전주,원타임방탈출카페 전주객사점,모나리자,잠입 액션,3,60분,2017.09.12,
전라,전주,원타임방탈출카페 전주객사점,비밀의 장난감가게,탈출 액션,2,60분,2017.09.12,
전라,전주,원타임방탈출카페 전주객사점,아나스타샤,성인,3,60분,2017.09.12,
전라,전주,원타임방탈출카페 전주객사점,블루위시,감성 드라마,3,60분,2018.07.26,
전라,전주,원타임 방탈출카페 전주신시가지점,반 고흐의 방,,2.5,60분,2017.01.18,
전라,전주,원타임 방탈출카페 전주신시가지점,스토커,,4,60분,2017.01.18,
전라,전주,원타임 방탈출카페 전주신시가지점,도둑들,,3,60분,2017.11.13,
전라,전주,원타임 방탈출카페 전주신시가지점,마법사의 세계,,4,60분,2017.11.13,
전라,전주,원타임 방탈출카페 전주신시가지점,정신병동,,5,60분,2017.01.18,
전라,전주,카오스이스케이프 전주2호점,너의 곁으로,,5,60분,2019.05.15,
전라,전주,카오스이스케이프 전주2호점,인피니티,,6,60분,2019.05.15,
전라,전주,카오스이스케이프 전주2호점,골드러시,,5,60분,2019.05.15,
전라,전주,카오스이스케이프 전주2호점,작전명 쉐도우,,4,60분,2019.05.15,
전라,전주,카오스이스케이프 전주2호점,협곡의 메아리,,3.5,60분,2019.05.15,
전라,전주,카오스이스케이프 전주2호점,히어로,,3,60분,2019.05.15,
전라,전주,큐브이스케이프 전주점,피고인,추리/스릴러,2,60분,2017.07.29,
전라,전주,큐브이스케이프 전주점,좀비스쿨,호러/스릴러,5,60분,2017.07.29,
전라,전주,큐브이스케이프 전주점,제시의 시크릿,섹시,4,60분,2017.07.29,
전라,전주,큐브이스케이프 전주점,헨젤과 그레텔,동화 어드벤처,3,60분,2016.04.08,
전라,전주,큐브이스케이프 전주점,피라미드,어드벤처,2,60분,2016.04.08,
전라,전주,큐브이스케이프 전주점,신데렐라,동화 어드벤처,4,60분,2016.04.08,
전라,전주,큐브이스케이프 전주점,딜리버,추리 스릴러,4,60분,2016.04.08,
전라,전주,큐브이스케이프 전주점,집착,추리 스릴러,3,60분,2016.04.08,
전라,전주,키이스케이프 전주점,난쟁이의 장난,아케이드,3,60분,2018.07,
전라,전주,키이스케이프 전주점,혜화잡화점,드라마,4.5,60분,2018.07,
전라,전주,키이스케이프 전주점,월야애담,동화,4,60분,2018.07,
전라,전주,키이스케이프 전주점,살랑살랑 연구소,감성,3.5,60분,2018.08,
전라,전주,키이스케이프 전주점,사라진 목격자,스릴러,4.5,60분,2018.07,
전라,광주,더코드,나홀로 집에,동화,3,60분,2017.01.02,
전라,광주,더코드,탐정,추리,3,60분,2017.01.02,
전라,광주,더코드,탈옥,액션,3,60분,2017.01.02,
전라,광주,더코드,도둑들,잠입,4,60분,2017.01.02,
전라,광주,더코드,미생,감성,4,60분,2019.02,
전라,광주,더코드,곤지암,공포,4,60분,2019.02,
전라,광주,더코드,경찰서를 털어라,잠입,5,60분,2019.08,
전라,광주,더코드,타짜,잠입,4,60분,2020.01.07,
전라,광주,러시아워,전생연분,어드벤처,4,75분,2020.05.30,
전라,광주,러시아워,녀,공포,3,60분,2020.07.04,
전라,광주,러시아워,하루 끝,드라마,3,70분,2020.09.08,
전라,광주,러시아워,미끼,스릴러,4.5,60분,2020.12.06,
전라,광주,러시아워,빔 프로젝트,코믹,3,60분,2021.04.14,
전라,광주,러시아워 로드맨션,오드의 마법사,어드벤처,4,65분,2021.12.15,
전라,광주,러시아워 로드맨션,우당탕탕 치즈탈환 대작전,코믹,3,60분,2022.03.16,
전라,광주,러시아워 로드맨션,듀얼,"협동,어드벤처",4,80분,2022.09.29,
전라,광주,러시아워 로드맨션,지난날,공포 스릴러,4,85분,2023.05.22,
전라,광주,룸즈에이 광주상무점,띵가띵가,큐트/코믹,3,60분,2020.12.23,
전라,광주,룸즈에이 광주상무점,아이돌 남친,로맨스/스릴러,4,60분,2020.12.23,
전라,광주,룸즈에이 광주상무점,그레이스 호텔,공포/스릴러,4,70분,2020.12.23,
전라,광주,룸즈에이 광주상무점,뜻밖의 여행,여행,3,60분,2020.12.23,
전라,광주,룸즈에이 광주상무점,이상한 돈가스,큐트/코믹,4,60분,2020.12.23,
전라,광주,룸즈에이 광주상무점,이 소리 저만 들리나요?,요정/판타지,4,60분,2021.03.10,
전라,광주,룸즈에이 광주상무점,커밍순,스토리,4,60분,2021.03.02,
전라,광주,룸즈에이 광주상무점,멍사탕,코믹/판타지,4,60분,2021.05.03,
전라,광주,룸즈에이 광주상무점,전지적 작가시점,스토리/로맨스,4,60분,2021.05.03,
전라,광주,룸즈에이 광주수완점,너와 나의 이야기,감성/스토리,4,60분,2019.10.23,
전라,광주,룸즈에이 광주수완점,히어로 아카데미,히어로/아케이드,4,60분,2019.10.23,
전라,광주,룸즈에이 광주수완점,뽀득뽀득,큐트/목욕,5,60분,2019.10.23,
전라,광주,룸즈에이 광주수완점,시크릿 에이전트,잠입/수사,4,60분,2019.10.23,
전라,광주,룸즈에이 광주수완점,낭랑카페,힐링/판타지,4,60분,2019.10.23,
전라,광주,룸즈에이 광주수완점,요정들의 술집,코믹/판타지,3,60분,2019.10.23,
전라,광주,룸즈에이 광주수완점,방과후,공포/스릴러,4,70분,2019.11.20,
전라,광주,브레인 방탈출,필라멘트,감성 힙합,3,60분,2019.03.18,
전라,광주,브레인 방탈출,썸,감성 연애,2,60분,2019.03.18,
전라,광주,브레인 방탈출,SHIT,코믹 추리,3,60분,2019.03.18,
전라,광주,브레인 방탈출,슈퍼빌런,어드벤처 아케이드,3,65분,2019.04.18,
전라,광주,브레인 방탈출,루머,공포 스릴러,5,65분,2019.04.18,
전라,광주,브레인 방탈출,블랙리스트,추리 스릴러,4,65분,2019.04.23,
전라,광주,머더파커 광주점,머더파커 광주점의 비밀,,중상,60분,2019.12.06,
전라,광주,머더파커 광주점,선물,,중상,60분,2019.12.06,
전라,광주,머더파커 광주점,한림축산,,하,60분,2019.12.06,
전라,광주,머더파커 광주점,포수 장덕팔,,중하,60분,2019.12.06,
전라,광주,머더파커 광주점,파커투,스릴러,중하,60분,2019.12.06,
전라,광주,비밀의화원 광주점,무고,공포,4,75분,2020.10.23,
전라,광주,비밀의화원 광주점,리비도,19금,3,75분,2020.10.23,
전라,광주,비밀의화원 광주점,스토커,로맨스릴러,2,60분,2020.10.23,
전라,광주,비밀의화원 광주점,새벽 베이커리,감성,3,60분,2020.11,
전라,광주,비밀의화원 광주점,비밀의 가족,공포/스릴러,5,75분,2020.11,
전라,광주,비밀의화원 광주점,라스트 잡,복합미션,4,90분,2020.11,
전라,광주,비밀의화원 광주점,러브 블러썸,감성/로드,1,80분,2021.11.01,
전라,광주,상상의문 광주점,영결식,공포,3,60분,2023.03.05,
전라,광주,상상의문 광주점,호러맨스,로맨스/스릴러,3,70분,2023.03.05,
전라,광주,상상의문 광주점,시크릿 왕국의 스캔들,추리/잔혹동화,4,80분,2023.03.05,
전라,광주,상상의문 광주점,서울만 가면 된다,일상/코미디,3,69분,2023.04,
전라,광주,상상의문 광주점,캐치캣,미션/협동,4,45분,2023.04,
전라,광주,상상의문 광주점,타이탄: 전쟁의 경계,SF,3,70분,2023.06,
전라,광주,시간의문 광주점,히어 아이 엠,생존/탐험,3,70분,2024.06.23,
전라,광주,시간의문 광주점,직박구리: 남친 탐구 생활,코믹,3,70분,2024.06.23,
전라,광주,시간의문 광주점,혼숨,공포,4,80분,2024.06.23,
전라,광주,시간의문 광주점,복도끝: 못다한 이야기,공포,4,80분,2024.11.13,
전라,광주,시간의문 광주점,CHASER: 한마음 폐공장,수사/스릴러,4,80분,2024.11.27,
전라,광주,시간의문 광주점,영안실,공포,4,80분,2024.12.06,
전라,광주,시간의문 광주점,쇼쿠진,공포,4,70분,2024.12.18,
전라,광주,시간의문 광주점,DKDK 컴퍼니,판타지/코미디,4,80분,2025.01.03,
전라,광주,식스센스 방탈출,호텔: 사라진 다이아몬드,,,60분,2020.09.19,
전라,광주,식스센스 방탈출,파노라마,,,60분,2020.09.19,
전라,광주,식스센스 방탈출,도둑들,,,60분,2020.09.19,
전라,광주,식스센스 방탈출,이 아이를 기억해주세요,,,65분,2021.01.28,
전라,광주,식스센스 방탈출,나랏말싸미,,,65분,2021.01.28,
전라,광주,숨바꼭질,꽃배,수사물,4,70분,2019.07,
전라,광주,숨바꼭질,무죄,액션스릴러,4,60분,2019.07.28,
전라,광주,숨바꼭질,인연,드라마,3,60분,2019.09,
전라,광주,숨바꼭질,손님,판타지 미스터리,5,60분,2019.11.24,
전라,광주,숨바꼭질 2호점,명당,역사기반 풍수지리 드라마,3,80분,2020.10.06,
전라,광주,숨바꼭질 2호점,재개발구역: 관계자 외 출입금지,스릴러,3,70분,2021.03.12,
전라,광주,숨바꼭질 2호점,무죄2,잠입액션,5,80분,2021.06.16,
전라,광주,숨바꼭질 3호점,종결사건,추리 수사물,4,90분,2022.01.19,
전라,광주,숨바꼭질 3호점,비공개모드,탈옥어드벤처,4,80분,2022.04.05,
전라,광주,에스케이프,베타테스터,,중,80분,2020.06.15,
전라,광주,에스케이프,레드,,상,75분,2020.12.09,
전라,광주,에스케이프,링크 2,,중상,90분,2023.10,
전라,광주,이스케이프탑 광주점,해리포터: 마법사의 방,판타지/모험/액션,4/10,60분,2020.02,
전라,광주,이스케이프탑 광주점,프리즌 브레이크: 1508,스릴러/탈출/드라마/액션,7/10,60분,2020.02,
전라,광주,이스케이프탑 광주점,여고괴담: 과학실 살인사건,공포/스릴러/호러/추리,10/10,70분,2020.02,
전라,광주,이스케이프탑 광주점,킹스맨: 요원의 자격,활동성/추리/반전,6/10,60분,2020.02,
전라,광주,이스케이프탑 광주점,원피스: 보물탈취작전,코믹/패러디/액션/시그니처테마,3/10,60분,2020.02,
전라,광주,키드키득방탈출 광주풍암점,라쿤,미션/어드벤처,,60분,2024.07.10,
전라,광주,키드키득방탈출 광주풍암점,멜로디 팩토리,미션/어드벤처,,60분,2024.07,
전라,광주,키드키득방탈출 광주풍암점,스위치 호텔,미스터리,,60분,2024.07,
전라,광주,키드키득방탈출 광주풍암점,블랙아웃,스릴러,,60분,2024.07,
전라,광주,키드키득방탈출 광주풍암점,지구방위대: 팽이대군의 습격,미션,,30분,2024.07,
전라,광주,키드키득방탈출 광주풍암점,A/S 특공대,미션,,30분,2024.07,
전라,광주,키드키득방탈출 광주풍암점,붓깨비 구출 대작전,미션,,30분,2024.07,
전라,광주,판타지아방탈출카페,찬미특수진료센터,공포,3,80분,2022.11.21,
전라,광주,판타지아방탈출카페,인스펙토,미스터리 스릴러,,80분,2023.08.11,
전라,광주,판타지아방탈출카페,"Get O, Get O",개그 아케이드,5,90분,2024.10.03,
전라,여수,셜록홈즈 여수점,크라임씬,,4,60분,2017.06.29,
전라,여수,셜록홈즈 여수점,이상한 나라의 초대,판타지,3,60분,2017.06.29,
전라,여수,셜록홈즈 여수점,빛과 그림자:화이트의 죽음 2,드라마,3,60분,2018.07.01,
전라,여수,셜록홈즈 여수점,무속인 살인사건,,4,60분,2018.07.01,
전라,여수,셜록홈즈 여수점,할머니는 마법사,,3,60분,2019.07,
전라,여수,셜록홈즈 여수점,전기톱 살인사건,,4,60분,2017.06.29,
전라,여수,셜록홈즈 여수점,파라오의 심판,,4,60분,2019.06~07,
전라,여수,어메이징이스케이프,메이저리그,,,60분,2016.11.08,
전라,여수,어메이징이스케이프,그들의 목소리,,,60분,2016.11.08,
전라,여수,어메이징이스케이프,파괴된 도시,,,60분,2016.11.08,
전라,순천,더리얼 방탈출카페,스토커,,4,60분,2016.12.02,수리중
전라,순천,더리얼 방탈출카페,마법사의 세계,,4,60분,2017.09~2018.01,
전라,순천,더리얼 방탈출카페,저주받은 집,,4,60분,2016.12.02,
전라,순천,더리얼 방탈출카페,도둑들,,3,60분,2017.09~2018.01,
전라,목포,하일이스케이프,더 룸 014,공포,보통,60분,2018.11.16,
전라,목포,하일이스케이프,시크릿 가든,감성,약간 어려움,60분,2019.02.14,
전라,목포,하일이스케이프,헬리콥터,추리,매우 어려움,60분,2019.08,
전라,목포,하일이스케이프,외출,일상,어려움,60분,2020.09.17,
제주,제주,더메이즈 제주점,백록병원,,5,60분,2016.12.24,
제주,제주,더메이즈 제주점,이도 와이너리,,4,60분,2016.12.24,
제주,제주,더메이즈 제주점,만덕전,,3.5,60분,2016.12.24,
제주,제주,더메이즈 제주점,사라진 요원 M107,,4.5,60분,2016.12.24,
제주,제주,더코드 서귀포점,다시 시작된 살인사건,,4,60분,2017.01.18,
제주,제주,더코드 서귀포점,재즈바 W: 위험한 거래,,4,60분,2017.01.18,
제주,제주,더코드 서귀포점,위자 보드: 위험한 장난,,5,60분,2017.01.18,
제주,제주,더코드 서귀포점,강력 1반 : 사라진 아이들,,4,60분,2017.01.18,
제주,제주,더코드 서귀포점,세기의 명화를 훔치는 도둑들,,3,60분,2017.01.18,
제주,제주,제주방탈출카페 제원점,저주받은 집,,4,60분,2016.12.24,
제주,제주,제주방탈출카페 제원점,산 속의 여인,,3,60분,2016.12.24,
제주,제주,제주방탈출카페 제원점,웨딩크루즈 살인사건-2탄,,3,60분,2020.06.26,
제주,제주,제주방탈출카페 제원점,신입사원 출근기,,3,60분,2016.12.24,
제주,제주,제주방탈출카페 제원점,빛과 그림자,,4,60분,2020.06.26,
제주,제주,제주방탈출카페 시청점,학교괴담(3세대),,3,60분,2016.12.15,
제주,제주,제주방탈출카페 시청점,마법사의 세계,,4,60분,2019.04.28,
제주,제주,제주방탈출카페 시청점,위험한 레시피,,4,60분,2016.12.15,
제주,제주,제주방탈출카페 시청점,고흐의 방,,3,60분,2016.12.15,
제주,제주,제주방탈출카페 시청점,스토커,,4,60분,2016.12.15,
제주,제주,언리미티드 이스케이프,기이한 락커룸,,중,60분,2018.11~2019.06,
제주,제주,언리미티드 이스케이프,피의 멜로디 1,,중,60분,2016.12.19,
제주,제주,언리미티드 이스케이프,냉동 컨테이너의 비밀,,상,60분,2018.11~2019.06,
제주,제주,언리미티드 이스케이프,어른들을 위한 동화,,,60분,2019.07,